[{"model": "auth.user", "pk": 1, "fields": {"password": "pbkdf2_sha256$1200000$7YiMF1zWypLhnsPLbwKJzt$wvtYz7TBi2NGP4kF5Ig+8nuZs4Jf/pX0sQbWUmLRTg4=", "last_login": "2026-02-12T21:57:49.596Z", "is_superuser": true, "username": "Venom", "first_name": "", "last_name": "", "email": "", "is_staff": true, "is_active": true, "date_joined": "2026-02-12T19:58:00.135Z", "groups": [], "user_permissions": []}}, {"model": "auth.user", "pk": 2, "fields": {"password": "pbkdf2_sha256$1200000$XJfdfAdzx87SzkylJjEDaj$hkz6kPHvOaMxro19hu/JxKVbzXBz+zCy+OuQkud7f3g=", "last_login": "2026-02-12T21:53:35Z", "is_superuser": false, "username": "╨Р╤А╨╕╨╜╨░", "first_name": "", "last_name": "", "email": "Pavuckk@gmail.com", "is_staff": false, "is_active": true, "date_joined": "2026-02-12T21:53:33Z", "groups": [], "user_permissions": []}}, {"model": "sessions.session", "pk": "ces65kn00y8r0vcc0kidrbz6jw6mjmi7", "fields": {"session_data": ".eJxVjMsOwiAQRf-FtSEgHR4u3fcbyDCAVA0kpV0Z_11JutDtPefcF_O4b8XvPa1-iezCJDv9bgHpkeoA8Y711ji1uq1L4EPhB-18bjE9r4f7d1Cwl29tQRK4PBkNpFImlXWOBEJinFzUCqymZC0IgWdCDJiVHq4BB0EYxd4f6nA34g:1vqeh3:V7o9sI5Fr42s9InRtjABqvYn7o-Qvj82XahdpQDKx8w", "expire_date": "2026-02-26T21:57:49.610Z"}}, {"model": "arynchoice.userprofile", "pk": 1, "fields": {"user": 1, "arincoins": 100, "is_special_user": false}}, {"model": "arynchoice.userprofile", "pk": 2, "fields": {"user": 2, "arincoins": 100, "is_special_user": false}}, {"model": "arynchoice.category", "pk": 1, "fields": {"name": "╨д╨╕╨╗╤М╨╝╤Л", "description": "╨в╤Г╤В ╤Д╨╕╨╗╤М╨╝╤Л ╨║╨╛╤В╨╛╤А╤Л╨╡ ╨╝╤Л ╨╝╨╛╨╢╨╡╨╝ ╨┐╨╛╤Б╨╝╨╛╤В╤А╨╡╤В╤М ╨▓╨╝╨╡╤Б╤В╨╡", "icon": "fas fa-heart", "order": 0}}, {"model": "arynchoice.category", "pk": 2, "fields": {"name": "╨б╨╡╤А╨╕╨░╨╗╤Л", "description": "╨в╤Г╤В ╤Б╨╡╤А╨╕╨░╨╗╤Л ╨║╨╛╤В╨╛╤А╤Л╨╡ ╨╝╤Л ╨╝╨╛╨╢╨╡╨╝ ╨┐╨╛╤Б╨╝╨╛╤В╤А╨╡╤В╤М ╨▓╨╝╨╡╤Б╤В╨╡", "icon": "fas fa-heart", "order": 0}}, {"model": "arynchoice.category", "pk": 3, "fields": {"name": "╨Ь╤Г╨╗╤М╤В╤Д╨╕╨╗╤М╨╝╤Л", "description": "╨в╤Г╤В ╨Ь╤Г╨╗╤М╤В╨╕╨║╨╕  ╨║╨╛╤В╨╛╤А╤Л╨╡ ╨╝╤Л ╨╝╨╛╨╢╨╡╨╝ ╨┐╨╛╤Б╨╝╨╛╤В╤А╨╡╤В╤М ╨▓╨╝╨╡╤Б╤В╨╡", "icon": "fas fa-heart", "order": 0}}, {"model": "arynchoice.category", "pk": 4, "fields": {"name": "╨Р╨╜╨╕╨╝╨╡", "description": "╨в╤Г╤В ╨Р╨╜╨╕╨╝╨╡ ╨║╨╛╤В╨╛╤А╤Л╨╡ ╨╝╤Л ╨╝╨╛╨╢╨╡╨╝ ╨┐╨╛╤Б╨╝╨╛╤В╤А╨╡╤В╤М ╨▓╨╝╨╡╤Б╤В╨╡", "icon": "fas fa-heart", "order": 0}}, {"model": "arynchoice.category", "pk": 5, "fields": {"name": "╨б╨▓╨╕╨┤╨░╨╜╨╕╤П", "description": "╨в╤Г╤В ╨▓╨░╤А╨╕╨░╨╜╤В╤Л ╨┐╤А╨╛╨▓╨╡╨┤╨╡╨╜╨╕╤П ╨▓╤А╨╡╨╝╨╡╨╜╨╕ ╨▓╨╝╨╡╤Б╤В╨╡ ╨▓╨╜╨╡ ╨┤╨╛╨╝╨░", "icon": "fas fa-heart", "order": 0}}, {"model": "arynchoice.category", "pk": 6, "fields": {"name": "╤Г╨╕╨║╨╡╨╜╨┤", "description": "╨Я╨╛╤Б╨╕╨┤╨╕╨╝  ╨┤╨╛╨╝╨░", "icon": "fas fa-heart", "order": 0}}, {"model": "arynchoice.category", "pk": 7, "fields": {"name": "╨Х╨┤╨░", "description": "╨в╤Г╤В ╨▒╤Г╨┤╨╡╤В ╨┐╨╡╤А╨╡╤З╨╡╨╜╤М ╨▒╨╗╤О╨┤ ╨║╨╛╤В╨╛╤А╤Л╨╡ ╤В╤Л ╤Е╨╛╤В╨╡╨╗╨░ ╨▒╤Л ╨┐╨╛╨╡╤Б╤В╤М", "icon": "fas fa-heart", "order": 0}}, {"model": "arynchoice.category", "pk": 8, "fields": {"name": "╨Я╨╛╨┤╨░╤А╨║╨╕", "description": "╨Р ╤В╤Г╤В ╤В╤Л ╤Б╨╝╨╛╨╢╨╡╤И╤М ╨▓╤Л╨▒╤А╨░╤В╤М ╤Б╨╡╨▒╨╡ ╨┐╨╛╨┤╨░╤А╨╛╨║", "icon": "fas fa-heart", "order": 0}}, {"model": "arynchoice.category", "pk": 13, "fields": {"name": "ЁЯОм ╨Ы╤Г╤З╤И╨╕╨╡ ╤Д╨╕╨╗╤М╨╝╤Л ╨┤╨╗╤П ╨┤╨▓╨╛╨╕╤Е", "description": "╨а╨╛╨╝╨░╨╜╤В╨╕╨║╨░, ╨┤╤А╨░╨╝╨░, ╨┐╤А╨╕╨║╨╗╤О╤З╨╡╨╜╨╕╤П - ╨╕╨┤╨╡╨░╨╗╤М╨╜╨╛ ╨┤╨╗╤П ╤Г╤О╤В╨╜╨╛╨│╨╛ ╨▓╨╡╤З╨╡╤А╨░", "icon": "fas fa-film", "order": 1}}, {"model": "arynchoice.category", "pk": 14, "fields": {"name": "ЁЯУ║ ╨Ы╤Г╤З╤И╨╕╨╡ ╤Б╨╡╤А╨╕╨░╨╗╤Л", "description": "╨Ч╨░╤Е╨▓╨░╤В╤Л╨▓╨░╤О╤Й╨╕╨╡ ╨╕╤Б╤В╨╛╤А╨╕╨╕ ╨╜╨░ ╨╜╨╡╤Б╨║╨╛╨╗╤М╨║╨╛ ╨▓╨╡╤З╨╡╤А╨╛╨▓", "icon": "fas fa-tv", "order": 2}}, {"model": "arynchoice.category", "pk": 15, "fields": {"name": "ЁЯЗпЁЯЗ╡ ╨Ы╤Г╤З╤И╨╡╨╡ ╨░╨╜╨╕╨╝╨╡", "description": "╨п╨┐╨╛╨╜╤Б╨║╨░╤П ╨░╨╜╨╕╨╝╨░╤Ж╨╕╤П ╨┤╨╗╤П ╨┤╤Г╤И╨╕", "icon": "fas fa-dragon", "order": 3}}, {"model": "arynchoice.category", "pk": 16, "fields": {"name": "ЁЯН┐ ╨Ъ╨╛╨╝╨╡╨┤╨╕╨╕ ╨┤╨╗╤П ╨╜╨░╤Б╤В╤А╨╛╨╡╨╜╨╕╤П", "description": "╨Я╨╛╤Б╨╝╨╡╤П╤В╤М╤Б╤П ╨╛╤В ╨┤╤Г╤И╨╕", "icon": "fas fa-laugh", "order": 4}}, {"model": "arynchoice.activity", "pk": 1, "fields": {"category": 8, "name": "╨С╨╕╨╗╨╡╤В ╨╜╨░ ╨║╨╛╨╜╤Ж╨╡╤А╤В \"╨Ъ╨╕╨╜╨╛\"", "description": "╨Ю╨┤╨╕╨╜ ╨▒╨╕╨╗╨╡╤В ╨╜╨░ ╨║╨╛╨╜╤Ж╨╡╤А╤В", "price": 50, "image": "activities/OIP.jfif", "duration": "2 ╤З╨░╤Б╨░", "location": "╨Ф╨▓╨╛╤А╨╡╤Ж ╤Б╨┐╨╛╤А╤В╨░ \"╨Ю╨╗╨╕╨╝╨┐\"", "is_available": true, "created_at": "2026-02-12T20:09:29.387Z"}}, {"model": "arynchoice.activity", "pk": 2, "fields": {"category": 7, "name": "╨б╤Г╨┐ ╨║╤Г╤А╨╕╨╜╤Л╨╣", "description": "╨╛╨▒╤Л╤З╨╜╤Л╨╣ ╨║╤Г╤А╨╕╨╜╤Л╨╣ ╤Б╤Г╨┐", "price": 30, "image": "activities/3_1523747124_48361_8xQ4Ztm.jpg", "duration": "2 ╤З╨░╤Б╨░", "location": "╨Ф╨╛╨╝\"", "is_available": true, "created_at": "2026-02-12T20:10:35.787Z"}}, {"model": "arynchoice.activity", "pk": 3, "fields": {"category": 7, "name": "╨Ь╨╕╨┤╨╕╨╕", "description": "╨Ь╨╕╨┤╨╕╨╕ ╨║╨╗╨░╤Б╤Б╨╕╤З╨╡╤Б╨║╨╕ ╨╕╨╗╨╕ ╤Б╨╛╤Г╤Б ╨╜╨░ ╤В╨▓╨╛╨╣ ╨▓╤Л╨▒╨╛╤А", "price": 35, "image": "activities/╨Ь╨╕╨┤╨╕╨╕.jfif", "duration": "3 ╤З╨░╤Б╨░", "location": "╨Ф╨╛╨╝", "is_available": true, "created_at": "2026-02-12T20:12:24.320Z"}}, {"model": "arynchoice.activity", "pk": 4, "fields": {"category": 7, "name": "╨Я╨░╤Б╤В╨░ ╨║╨░╤А╨▒╨╛╨╜╨░╤А╨░", "description": "╨Я╨░╤Б╤В╨░ ╨║╨░╤А╨▒╨╛╨╜╨░╤А╨░", "price": 25, "image": "activities/╨Я╨░╤Б╤В╨░_╨║╨░╤А╨▒╨╛╨╜╨░╤А╨░.jfif", "duration": "1╤З╨░╤Б╨░", "location": "╨Ф╨╛╨╝", "is_available": true, "created_at": "2026-02-12T20:13:40.634Z"}}, {"model": "arynchoice.activity", "pk": 5, "fields": {"category": 7, "name": "╨Я╨░╤Б╤В╨░ ╤Б ╨╝╨╛╤А╨╡ ╨┐╤А╨╛╨┤╤Г╨║╤В╨░╨╝╨╕", "description": "╨Я╨░╤Б╤В╨░ ╤Б ╨╝╨╛╤А╨╡ ╨┐╤А╨╛╨┤╤Г╨║╤В╨░╨╝╨╕", "price": 40, "image": "activities/╨Я╨░╤Б╤В╨░_╤Б_╨╝╨╛╤А╨╡_╨┐╤А╨╛╨┤╤Г╨║╤В╨░╨╝╨╕_.jfif", "duration": "1╤З╨░╤Б╨░", "location": "╨Ф╨╛╨╝", "is_available": true, "created_at": "2026-02-12T20:15:31.935Z"}}, {"model": "arynchoice.activity", "pk": 6, "fields": {"category": 7, "name": "╨а╨╕╤Б ╤Б ╨╛╨▓╨╛╤Й╨░╨╝╨╕", "description": "╨а╨╕╤Б ╤Б ╨╛╨▓╨╛╤Й╨░╨╝╨╕", "price": 15, "image": "activities/╨а╨╕╤Б_╤Б_╨╛╨▓╨╛╤Й╨░╨╝╨╕.jfif", "duration": "1╤З╨░╤Б╨░", "location": "╨Ф╨╛╨╝", "is_available": true, "created_at": "2026-02-12T20:17:25.270Z"}}, {"model": "arynchoice.activity", "pk": 7, "fields": {"category": 7, "name": "╨Ъ╨░╤А╤В╨╛╤И╨║╨░ ╨╖╨░╨┐╨╡╤З╤С╨╜╨╜╨░╤П", "description": "╨Ъ╨░╤А╤В╨╛╤И╨║╨░ ╨╖╨░╨┐╨╡╤З╤С╨╜╨╜╨░╤П", "price": 29, "image": "activities/╨Ъ╨░╤А╤В╨╛╤И╨║╨░_╨╖╨░╨┐╨╡╤З╤С╨╜╨╜╨░╤П_.jfif", "duration": "3 ╤З╨░╤Б╨░", "location": "╨Ф╨╛╨╝", "is_available": true, "created_at": "2026-02-12T20:19:27.700Z"}}, {"model": "arynchoice.activity", "pk": 8, "fields": {"category": 5, "name": "╨Ъ╨╕╨╜╨╛", "description": "╨Я╨╛╤Е╨╛╨┤ ╨▓ ╨║╨╕╨╜╨╛ ╨╜╨░ ╤Д╨╕╨╗╤М╨╝ ╨║╨╛╤В╨╛╤А╤Л╨╣ ╤В╤Л ╨▓╤Л╨▒╨╡╤А╨╡╤И╤М", "price": 34, "image": "activities/╨Ъ╨╕╨╜╨╛.jpg", "duration": "3 ╤З╨░╤Б╨░", "location": "╨Ъ╨╕╨╜╨╛╤В╨╡╨░╤В╤А ╨║╤А╨░╤Б╨╜╨░╤П ╨┐╨╗╨╛╤Й╨░╨┤╤М", "is_available": true, "created_at": "2026-02-12T20:22:13.606Z"}}, {"model": "arynchoice.activity", "pk": 9, "fields": {"category": 5, "name": "╨Ъ╨░╤В╨╛╨║", "description": "╨Я╨╛╤Е╨╛╨┤ ╨╜╨░ ╨║╨░╤В╨╛╨║ (╨╡╤Б╨╗╨╕ ╨╛╨╜ ╨┤╨╛╤Б╤В╤Г╨┐╨╡╨╜ ╨▓ ╤Н╤В╨╛ ╨▓╤А╨╡╨╝╤П ╨│╨╛╨┤╨░)", "price": 45, "image": "activities/╨Ъ╨░╤В╨╛╨║.jfif", "duration": "3 ╤З╨░╤Б╨░", "location": "╨║╤А╨░╤Б╨╜╨░╤П ╨┐╨╗╨╛╤Й╨░╨┤╤М", "is_available": true, "created_at": "2026-02-12T20:24:03.112Z"}}, {"model": "arynchoice.activity", "pk": 10, "fields": {"category": 5, "name": "╨а╨╡╤Б╤В╨╛╤А╨░╨╜", "description": "╨Т╤Л╤Е╨╛╨┤ ╨▓ ╤А╨╡╤Б╤В╨╛╤А╨░╨╜ (╨▓╤Л╨▒╨╛╤А ╨╖╨░ ╨╝╨╜╨╛╨╣ ╨╕╨╗╨╕ ╨╖╨░ ╤В╨╛╨▒╨╛╨╣ ╨╡╤Б╨╗╨╕ ╨╡╤Б╤В╤М ╨┐╤А╨╡╨┤╨┐╨╛╤З╤В╨╡╨╜╨╕╤П )", "price": 80, "image": "activities/╨а╨╡╤Б╤В╨╛╤А╨░╨╜.jfif", "duration": "3 ╤З╨░╤Б╨░", "location": "╨Ъ╤А╨░╤Б╨╜╨╛╨┤╨░╤А", "is_available": true, "created_at": "2026-02-12T20:26:02.053Z"}}, {"model": "arynchoice.activity", "pk": 11, "fields": {"category": 5, "name": "╨С╨░╤А", "description": "╨Я╨╛╤Е╨╛╨┤ ╨▓ ╨▒╨░╤А", "price": 57, "image": "activities/╨С╨░╤А.jfif", "duration": "3 ╤З╨░╤Б╨░", "location": "╨Ъ╤А╨░╤Б╨╜╨╛╨┤╨░╤А", "is_available": true, "created_at": "2026-02-12T20:27:04.941Z"}}, {"model": "arynchoice.activity", "pk": 12, "fields": {"category": 5, "name": "╨в╨╕╤А", "description": "╨Я╨╛╤Е╨╛╨┤ ╨▓ ╨╛╨▒╤Л╤З╨╜╤Л╨╣ ╤В╨╕╤А - ╤В╨╕╨┐- ╨в╤Ж/╨│╨╛╤А╨╛╨┤", "price": 45, "image": "activities/╨в╨╕╤А.jfif", "duration": "3 ╤З╨░╤Б╨░", "location": "╨Ъ╤А╨░╤Б╨╜╨╛╨┤╨░╤А", "is_available": true, "created_at": "2026-02-12T20:28:55.993Z"}}, {"model": "arynchoice.activity", "pk": 13, "fields": {"category": 5, "name": "╨б╤Г╤И╨╕", "description": "╨б╤Е╨╛╨┤╨╕╤В╤М ╨▓ ╤Б╤Г╤И╨╕ ╨▒╨░╤А", "price": 50, "image": "activities/╨б╤Г╤И╨╕.jfif", "duration": "3 ╤З╨░╤Б╨░", "location": "╨Ъ╤А╨░╤Б╨╜╨╛╨┤╨░╤А", "is_available": true, "created_at": "2026-02-12T20:29:56.449Z"}}, {"model": "arynchoice.activity", "pk": 14, "fields": {"category": 6, "name": "╨г╨▒╨╛╤А╨║╨░", "description": "╨б╨╛╨▓╨╝╨╡╤Б╤В╨╜╨░╤П  ╤Г╨▒╨╛╤А╨║╨░ ╨┐╨╛ ╨┤╨╛╨╝╤Г", "price": 15, "image": "activities/╨Ч╨░╨│╨╗╤Г╤И╨║╨░.jfif", "duration": "1-4 ╤З╨░╤Б╨░", "location": "╨Ф╨╛╨╝", "is_available": true, "created_at": "2026-02-12T20:31:51.698Z"}}, {"model": "arynchoice.activity", "pk": 15, "fields": {"category": 6, "name": "╨У╨╛╤В╨╛╨▓╨║╨░", "description": "╨б╨╛╨▓╨╝╨╡╤Б╤В╨╜╨░╤П ╨У╨╛╤В╨╛╨▓╨║╨░ ╨╡╨┤╤Л ╨┤╨╛╨╝╨░", "price": 10, "image": "activities/╨Ч╨░╨│╨╗╤Г╤И╨║╨░_ZxIy53p.jfif", "duration": "1-4 ╤З╨░╤Б╨░", "location": "╨Ф╨╛╨╝", "is_available": true, "created_at": "2026-02-12T20:32:32.066Z"}}, {"model": "arynchoice.activity", "pk": 16, "fields": {"category": 6, "name": "╨Я╤А╨╛╨│╤Г╨╗╨║╨░", "description": "╨Ю╨▒╤Л╤З╨╜╨░╤П ╨┐╤А╨╛╨│╤Г╨╗╨║╨░ ╨┐╨╛ ╤Г╨╗╨╕╤Ж╨╡", "price": 5, "image": "activities/╨Ч╨░╨│╨╗╤Г╤И╨║╨░_3eWZJNT.jfif", "duration": "1-4 ╤З╨░╤Б╨░", "location": "╤Г╨╗╨╕╤Ж╨░", "is_available": true, "created_at": "2026-02-12T20:33:07.911Z"}}, {"model": "arynchoice.activity", "pk": 17, "fields": {"category": 6, "name": "╨Ъ╨╛╤Д╨╡╨╣╨╜╤П", "description": "╨Я╤А╨╛╨│╤Г╨╗╨║╨░ ╨┐╨╛ ╨│╨╛╤А╨╛╨┤╤Г ╤Б ╨з╨░╤И╨╡╤З╨║╨╛╨╣ ╨║╨╛╤Д╨╡", "price": 20, "image": "activities/╨║╨╛╤Д╨╡.jpg", "duration": "3 ╤З╨░╤Б╨░", "location": "╤Г╨╗╨╕╤Ж╨░", "is_available": true, "created_at": "2026-02-12T20:35:19.742Z"}}, {"model": "arynchoice.activity", "pk": 18, "fields": {"category": 1, "name": "╨в╤А╨░╨╜╤Б╤Д╨╛╤А╨╝╨╡╤А╤Л", "description": "╨Ю╨▒╤Л╤З╨╜╤Л╨╣ ╨┐╨╛╨┤╤А╨╛╤Б╤В╨╛╨║ ╨б╤Н╨╝ ╨Т╨╕╤В╨▓╨╕╨║╨╕ ╤Г╨╖╨╜╨░╤С╤В, ╤З╤В╨╛ ╨╛╤З╨║╨╕ ╨╡╨│╨╛ ╨┐╤А╨░╨┐╤А╨░╨┤╨╡╨┤╨░ ╤Е╤А╨░╨╜╤П╤В ╨║╨╗╤О╤З ╨║ ╨╝╨╛╨│╤Г╤Й╨╡╤Б╤В╨▓╨╡╨╜╨╜╨╛╨╝╤Г ╨░╤А╤В╨╡╤Д╨░╨║╤В╤Г, ╤Б╨┐╨╛╤Б╨╛╨▒╨╜╨╛╨╝╤Г ╤А╨╡╤И╨╕╤В╤М ╤Б╤Г╨┤╤М╨▒╤Г ╨Ч╨╡╨╝╨╗╨╕. ╨Ъ╨╛╨│╨┤╨░-╤В╨╛ ╨╜╨░ ╨┐╨╗╨░╨╜╨╡╤В╨╡ ╨Ъ╨╕╨▒╨╡╤А╤В╤А╨╛╨╜ ╤А╨░╨╖╨│╨╛╤А╨╡╨╗╨░╤Б╤М ╨▓╨╛╨╣╨╜╨░ ╨╝╨╡╨╢╨┤╤Г ╨Р╨▓╤В╨╛╨▒╨╛╤В╨░╨╝╨╕ ╨▓╨╛ ╨│╨╗╨░╨▓╨╡ ╤Б ╨Ю╨┐╤В╨╕╨╝╤Г╤Б╨╛╨╝ ╨Я╤А╨░╨╣╨╝╨╛╨╝ ╨╕ ╨Ф╨╡╤Б╨╡╨┐╤В╨╕╨║╨╛╨╜╨░╨╝╨╕, ╨║╨╛╤В╨╛╤А╤Л╨╝╨╕ ╨║╨╛╨╝╨░╨╜╨┤╤Г╨╡╤В ╨Ь╨╡╨│╨░╤В╤А╨╛╨╜. ╨Ю╨▒╨╡ ╤Б╤В╨╛╤А╨╛╨╜╤Л ╨╕╤Й╤Г╤В ╨║╤Г╨▒ ╨Ю╨╗╨╗╨б╨┐╨░╤А╨║ тАФ ╨╕╤Б╤В╨╛╤З╨╜╨╕╨║ ╨║╨╛╨╗╨╛╤Б╤Б╨░╨╗╤М╨╜╨╛╨╣ ╤Н╨╜╨╡╤А╨│╨╕╨╕: ╨Р╨▓╤В╨╛╨▒╨╛╤В╤Л ╨╝╨╡╤З╤В╨░╤О╤В ╤Б ╨╡╨│╨╛ ╨┐╨╛╨╝╨╛╤Й╤М╤О ╨╖╨░╨║╨╛╨╜╤З╨╕╤В╤М ╨▓╨╛╨╣╨╜╤Г ╨╕ ╨▓╨╛╨╖╤А╨╛╨┤╨╕╤В╤М ╤А╨╛╨┤╨╜╨╛╨╣ ╨╝╨╕╤А, ╨░ ╨Ф╨╡╤Б╨╡╨┐╤В╨╕╨║╨╛╨╜╤Л ╤Е╨╛╤В╤П╤В ╨┐╨╛╨┤╤З╨╕╨╜╨╕╤В╤М ╤Б╨╡╨▒╨╡ ╨Т╤Б╨╡╨╗╨╡╨╜╨╜╤Г╤О. ╨б╨╗╨╡╨┤ ╨Ю╨╗╨╗╨б╨┐╨░╤А╨║╨░ ╨┐╤А╨╕╨▓╨╛╨┤╨╕╤В ╨Ь╨╡╨│╨░╤В╤А╨╛╨╜╨░ ╨╜╨░ ╨Ч╨╡╨╝╨╗╤О, ╨│╨┤╨╡ ╨╛╨╜ ╤В╨╡╤А╨┐╨╕╤В ╨║╤А╤Г╤И╨╡╨╜╨╕╨╡ ╨╜╨░ ╨б╨╡╨▓╨╡╤А╨╜╨╛╨╝ ╨┐╨╛╨╗╤О╤Б╨╡ ╨╕ ╨╜╨░╨┤╨╛╨╗╨│╨╛ ╨╛╤Б╤В╨░╤С╤В╤Б╤П ╨▓╨╛ ╨╗╤М╨┤╨░╤Е. ╨б╨┐╤Г╤Б╤В╤П ╤Б╤В╨╛╨╗╨╡╤В╨╕╨╡ ╨б╤Н╨╝ ╨┐╨╛╨║╤Г╨┐╨░╨╡╤В ╤Б╤В╨░╤А╤Г╤О ╨╝╨░╤И╨╕╨╜╤Г, ╨║╨╛╤В╨╛╤А╨░╤П ╨╛╨║╨░╨╖╤Л╨▓╨░╨╡╤В╤Б╤П ╨С╨░╨╝╨▒╨╗╨▒╨╕ тАФ ╨░╨▓╤В╨╛╨▒╨╛╤В╨╛╨╝, ╨╕ ╨▓╤Б╨║╨╛╤А╨╡ ╨┐╨╛╨╜╨╕╨╝╨░╨╡╤В: ╨╖╨░ ╨║╨░╤А╤В╨╛╨╣ ╨║ ╨Ю╨╗╨╗╨б╨┐╨░╤А╨║╤Г ╤Г╨╢╨╡ ╨╛╤Е╨╛╤В╤П╤В╤Б╤П ╨▓╤А╨░╨│╨╕.", "price": 5, "image": "activities/╤В╤А╨░╨╜╤Б╤Д╨╛╤А╨╝╨╡╤А_.webp", "duration": "3 ╤З╨░╤Б╨░", "location": "╨Ф╨╛╨╝", "is_available": true, "created_at": "2026-02-12T20:37:09.274Z"}}, {"model": "arynchoice.activity", "pk": 19, "fields": {"category": 1, "name": "╨У╨░╤А╤А╨╕ ╨Я╨╛╤В╤В╨╡╤А", "description": "╨Т╤Б╨╡ ╤З╨░╤Б╤В╨╕ ╨╗╨╡╨│╨╡╨╜╨┤╨░╤А╨╜╨╛╨│╨╛ ╤Д╨╕╨╗╤М╨╝╨░ ╨┐╤А╨╛ ╨╝╨░╨╗╤М╤З╨╕╨║╨░ ╨║╨╛╤В╨╛╤А╤Л╨╣ ╨▓╤Л╨╢╨╕╨╗", "price": 10, "image": "activities/╨У╨░╤А╤А╨╕.jpg", "duration": "1-4 ╤З╨░╤Б╨░", "location": "╨Ф╨╛╨╝", "is_available": true, "created_at": "2026-02-12T20:39:11.857Z"}}, {"model": "arynchoice.activity", "pk": 20, "fields": {"category": 1, "name": "╨С╤А╨░╤В╤М╤П", "description": "╨Ю╨┐╨╕╤Б╨░╨╜╨╕╤П ╨╜╨╡ ╨▒╤Г╨┤╨╡╤В, ╤Н╤В╨╛ ╨╜╨░╨┤╨╛ ╨▓╨╕╨┤╨╡╤В╤М", "price": 11, "image": "activities/╨▒╤А╨░╤В╤М╤П.webp", "duration": "1-4 ╤З╨░╤Б╨░", "location": "╨Ф╨╛╨╝", "is_available": true, "created_at": "2026-02-12T20:40:55.306Z"}}, {"model": "arynchoice.activity", "pk": 21, "fields": {"category": 1, "name": "╨з╨╡╨╗╨╛╨▓╨╡╨║-╨┐╨░╤Г╨║", "description": "╨Ы╤О╨▒╨╛╨╣ ╤Д╨╕╨╗╤М╨╝ ╨┐╤А╨╛ ╤З╨╡╨╗╨╛╨▓╨╡╨║╨░ ╨┐╨░╤Г╨║╨░", "price": 8, "image": "activities/╨з╨╡╨╗╨╛╨▓╨╡╨║-╨┐╨░╤Г╨║_.webp", "duration": "1-4 ╤З╨░╤Б╨░", "location": "╨Ф╨╛╨╝", "is_available": true, "created_at": "2026-02-12T20:42:30.875Z"}}, {"model": "arynchoice.activity", "pk": 22, "fields": {"category": 1, "name": "MARVEL", "description": "╨Ы╤О╨▒╨╛╨╣ ╤Д╨╕╨╗╤М╨╝ ╨║╨╕╨╜╨╛╨║╨╛╨╝╨┐╨░╨╜╨╕╨╕ MARVEL", "price": 1, "image": "activities/╨Ь╨░╤А╨▓╤Г╨╗.webp", "duration": "╨Т╤Б╤П ╨╢╨╕╨╖╨╜╤М", "location": "╨Ф╨╛╨╝", "is_available": true, "created_at": "2026-02-12T20:44:24.070Z"}}, {"model": "arynchoice.activity", "pk": 62, "fields": {"category": 13, "name": "BTS: Blood Sweat & Tears", "description": "тнР ╨а╨╡╨╣╤В╨╕╨╜╨│: 9.4\nЁЯУЕ ╨У╨╛╨┤: 2016\n\n╨Э╨╡╤В ╨╛╨┐╨╕╤Б╨░╨╜╨╕╤П", "price": 3, "image": "", "duration": "6 ╨╝╨╕╨╜", "location": "╨Ф╨╛╨╝╨░", "is_available": true, "created_at": "2026-02-12T21:11:50.550Z"}}, {"model": "arynchoice.activity", "pk": 63, "fields": {"category": 13, "name": "Hot Wheels. ╨Ч╨░ ╨│╤А╨░╨╜╤М╤О ╨▓╨╛╨╛╨▒╤А╨░╨╢╨╡╨╜╨╕╤П", "description": "тнР ╨а╨╡╨╣╤В╨╕╨╜╨│: 9.3\nЁЯУЕ ╨У╨╛╨┤: 2015\n\n╨Ь╨░╨╗╤М╤З╨╕╨║ ╨┐╨╛╨╝╨╛╨│╨░╨╡╤В ╨│╨╛╨╜╤Й╨╕╨║╨░╨╝ ╨╛╤Б╤В╨░╨╜╨╛╨▓╨╕╤В╤М ╤Б╨▓╨╛╨╡╨│╨╛ ╨╖╨╗╨╛╨│╨╛ ╨▒╤А╨░╤В╨░-╨╕╨╖╨╛╨▒╤А╨╡╤В╨░╤В╨╡╨╗╤П. ╨Ф╤А╨░╨╣╨▓╨╛╨▓╤Л╨╡ ╨┐╤А╨╕╨║╨╗╤О╤З╨╡╨╜╨╕╤П ╨▓ ╨│╨╛╤А╨╛╨┤╨║╨╡ ╨е╨╛╤В ╨Т╨╕╨╗╤Б", "price": 3, "image": "", "duration": "45 ╨╝╨╕╨╜", "location": "╨Ф╨╛╨╝╨░", "is_available": true, "created_at": "2026-02-12T21:11:50.559Z"}}, {"model": "arynchoice.activity", "pk": 64, "fields": {"category": 13, "name": "╨У╨╡╤А╨╛╨╕ ╨н╨╜╨▓╨╡╨╗╨╗╨░", "description": "тнР ╨а╨╡╨╣╤В╨╕╨╜╨│: 9.3\nЁЯУЕ ╨У╨╛╨┤: 2017\n\n╨и╨║╨╛╨╗╤М╨╜╨╕╨║╨╕-╨│╨╡╨╣╨╝╨╡╤А╤Л ╨▓╤Б╤В╤Г╨┐╨░╤О╤В ╨▓ ╤Б╤Е╨▓╨░╤В╨║╤Г ╤Б ╨▓╨╕╤А╤В╤Г╨░╨╗╤М╨╜╤Л╨╝ ╨╖╨╗╨╛╨╝. ╨е╨╕╤В╨╛╨▓╤Л╨╣ ╨╝╤Г╨╗╤М╤В╤Б╨╡╤А╨╕╨░╨╗ ╨╛╤В ╤А╨╛╤Б╤Б╨╕╨╣╤Б╨║╨╛╨╣ ╤Б╤В╤Г╨┤╨╕╨╕ ┬л╨Я╨░╤А╨╛╨▓╨╛╨╖┬╗", "price": 3, "image": "", "duration": "11 ╨╝╨╕╨╜", "location": "╨Ф╨╛╨╝╨░", "is_available": true, "created_at": "2026-02-12T21:11:50.567Z"}}, {"model": "arynchoice.activity", "pk": 65, "fields": {"category": 13, "name": "Ateez World Tour [Towards the Light: Will to Power] ╨▓ ╨б╨╡╤Г╨╗╨╡", "description": "тнР ╨а╨╡╨╣╤В╨╕╨╜╨│: 9.3\nЁЯУЕ ╨У╨╛╨┤: 2024\n\n╨Я╨╡╤А╨▓╤Л╨╣ ╨║╨╛╨╜╤Ж╨╡╤А╤В ╨╝╨╕╤А╨╛╨▓╨╛╨│╨╛ ╤В╤Г╤А╨╜╨╡ Towards the┬аLight: Will to┬аPower ╨║╨╡╨╣-╨┐╨╛╨┐-╨│╤А╤Г╨┐╨┐╤Л Ateez.", "price": 3, "image": "", "duration": "126 ╨╝╨╕╨╜", "location": "╨Ф╨╛╨╝╨░", "is_available": true, "created_at": "2026-02-12T21:11:50.573Z"}}, {"model": "arynchoice.activity", "pk": 66, "fields": {"category": 13, "name": "╨г ╨║╤А╨░╤П ╨▒╨╡╨╖╨┤╨╜╤Л", "description": "тнР ╨а╨╡╨╣╤В╨╕╨╜╨│: 9.3\nЁЯУЕ ╨У╨╛╨┤: 2024\n\n╨Ь╨░╤А╤В 2022 ╨│╨╛╨┤╨░. ╨С╨░╤В╨░╨╗╤М╨╛╨╜ ┬л╨б╨╛╨╝╨░╨╗╨╕┬╗ ╨▓┬а╤Б╨╛╤Б╤В╨░╨▓╨╡ ╨╛╤Б╨╜╨╛╨▓╨╜╤Л╤Е ╤Б╨╕╨╗┬а╨╛╤В╨┐╤А╨░╨▓╨╗╨╡╨╜ ╨╜╨░┬а╤И╤В╤Г╤А╨╝ ╤Г╨║╤А╨╡╨┐╨╗╨╡╠И╨╜╨╜╨╛╨│╨╛ ╨Ь╨░╤А╨╕╤Г╨┐╨╛╨╗╤П ╤Б┬а╤Ж╨╡╨╗╤М╤О ╨╛╨▒╨╡╤Б╨┐╨╡╤З╨╕╤В╤М ╨▓╨╛╨╖╨╝╨╛╨╢╨╜╨╛╤Б╤В╤М ╨╜╨░╤Б╤В╤Г╨┐╨╗╨╡╨╜╨╕╤П ╨Т╨б┬а╨а╨д. ╨Э╨░┬а╨┐╨╛╨┤╤Б╤В╤Г╨┐╨░╤Е ╨║┬а╨│╨╛╤А╨╛╨┤╤Г ╨╡╤Й╨╡╠И ╨╜╨╕╨║╤В╨╛ ╨╜╨╡┬а╨╖╨╜╨░╨╡╤В, ╨║╨░╨║╨╛╨│╨╛ ╨╝╨░╤Б╤И╤В╨░╨▒╨░ ╨║╨░╤В╨░╤Б╤В╤А╨╛╤Д╨░ ╤А╨░╨╖╨▓╨╡╤А╨╜╨╡╠И╤В╤Б╤П ╨▓┬а╨▒╨╗╨╕╨╢╨░╨╣╤И╨╕╨╡ ╨╜╨╡╨┤╨╡╨╗╨╕ ╨╕┬а╨║╨░╨║╨╕╨╡ ╨╕╤Б╨┐╤Л╤В╨░╨╜╨╕╤П ╨┐╤А╨╕╨┤╨╡╠И╤В╤Б╤П ╨┐╤А╨╛╨╕╠Ж╤В╨╕ ╤Б╨╛╨╗╨┤╨░╤В╨░╨╝ ╨╕┬а╨╝", "price": 3, "image": "", "duration": "? ╨╝╨╕╨╜", "location": "╨Ф╨╛╨╝╨░", "is_available": true, "created_at": "2026-02-12T21:11:50.580Z"}}, {"model": "arynchoice.activity", "pk": 67, "fields": {"category": 13, "name": "╨Я╨╛╨┐╨║╤Г╨╗╤М╤В", "description": "тнР ╨а╨╡╨╣╤В╨╕╨╜╨│: 9.3\nЁЯУЕ ╨У╨╛╨┤: 2022\n\n┬л╨Я╨╛╨┐╨║╤Г╨╗╤М╤В┬╗┬атАФ┬а╤Н╤В╨╛ ╨┐╤А╨╛╨╡╨║╤В ╨╜╨░┬а╤Б╤В╤Л╨║╨╡ ╨╜╨╛╤Б╤В╨░╨╗╤М╨│╨╕╨╕ ╨╕┬а╨╗╤О╨▒╨▓╨╕ ╨║┬а╨╝╨░╤Б╤Б╨╛╨▓╨╛╨╣ ╨║╤Г╨╗╤М╤В╤Г╤А╨╡. ╨Т┬а╤И╨╛╤Г, ╨║╨╛╤В╨╛╤А╨╛╨╡ ╨▓╤Л╤Е╨╛╨┤╨╕╤В ╨╜╨░┬аYouTube-╨║╨░╨╜╨░╨╗╨╡ ┬лsndk┬╗, ╨░╨▓╤В╨╛╤А╤Л ╤А╨░╨╖╨▒╨╕╤А╨░╤О╤В ╨┐╤А╨╛╤И╨╗╨╛╨╡ ╨╜╨░┬а╨░╤В╨╛╨╝╤Л ╤З╨╡╤А╨╡╨╖ ╨┐╤А╨╕╨╖╨╝╤Г ╨╕╨│╤А, ╨░╨╜╨╕╨╝╨░╤Ж╨╕╨╕, ╨║╨╕╨╜╨╛, ╨║╨╛╨╝╨╕╨║╤Б╨╛╨▓ ╨╕┬а╤В╨╡╤Е╨╜╨╛╨╗╨╛╨│╨╕╨╣, ╤З╤В╨╛╨▒╤Л ╨┐╨╛╨╜╤П╤В╤М, ╨║╨░╨║┬а╤Д╨╛╤А╨╝╨╕╤А╨╛╨▓╨░╨╗╨░╤Б╤М ╤Б╨╛╨▓╤А╨╡╨╝╨╡╨╜╨╜╨░╤П ╨╕╨╜╨┤╤Г╤Б╤В╤А╨╕╤П ╤А╨░╨╖╨▓╨╗╨╡╤З╨╡╨╜╨╕╨╣. ╨Ъ╨░╨╢╨┤╤Л╨╣ ╨▓╤Л╨┐╤Г╤Б╨║ ╨┐╨╛╤Б╨▓╤П╤Й", "price": 3, "image": "", "duration": "? ╨╝╨╕╨╜", "location": "╨Ф╨╛╨╝╨░", "is_available": true, "created_at": "2026-02-12T21:11:50.586Z"}}, {"model": "arynchoice.activity", "pk": 68, "fields": {"category": 13, "name": "╨г╤А╨╛╨▓╨╡╨╜╤М ╤В╤А╨╡╨▓╨╛╨│╨╕: ╨Я╨╛╨╗╨╜╨╛╤З╤М", "description": "тнР ╨а╨╡╨╣╤В╨╕╨╜╨│: 9.3\nЁЯУЕ ╨У╨╛╨┤: 2011\n\n╨Э╨╡╤В ╨╛╨┐╨╕╤Б╨░╨╜╨╕╤П", "price": 3, "image": "", "duration": "25 ╨╝╨╕╨╜", "location": "╨Ф╨╛╨╝╨░", "is_available": true, "created_at": "2026-02-12T21:11:50.591Z"}}, {"model": "arynchoice.activity", "pk": 69, "fields": {"category": 13, "name": "BTS Permission To Dance: On Stage тАФ LA", "description": "тнР ╨а╨╡╨╣╤В╨╕╨╜╨│: 9.3\nЁЯУЕ ╨У╨╛╨┤: 2022\n\n╨Э╨╡╤В ╨╛╨┐╨╕╤Б╨░╨╜╨╕╤П", "price": 3, "image": "", "duration": "131 ╨╝╨╕╨╜", "location": "╨Ф╨╛╨╝╨░", "is_available": true, "created_at": "2026-02-12T21:11:50.598Z"}}, {"model": "arynchoice.activity", "pk": 70, "fields": {"category": 13, "name": "╨У╨░╨╝╨╕╨╗╤М╤В╨╛╨╜", "description": "тнР ╨а╨╡╨╣╤В╨╕╨╜╨│: 9.2\nЁЯУЕ ╨У╨╛╨┤: 2016\n\n╨а╨░╤Б╤Б╨║╨░╨╖ ╨╛┬а╨╢╨╕╨╖╨╜╨╕ ╨░╨╝╨╡╤А╨╕╨║╨░╨╜╤Б╨║╨╛╨│╨╛ ╨│╨╛╤Б╤Г╨┤╨░╤А╤Б╤В╨▓╨╡╨╜╨╜╨╛╨│╨╛ ╨╕┬а╨┐╨╛╨╗╨╕╤В╨╕╤З╨╡╤Б╨║╨╛╨│╨╛ ╨┤╨╡╤П╤В╨╡╨╗╤П ╨Р╨╗╨╡╨║╤Б╨░╨╜╨┤╤А╨░ ╨У╨░╨╝╨╕╨╗╤М╤В╨╛╨╜╨░.", "price": 3, "image": "", "duration": "90 ╨╝╨╕╨╜", "location": "╨Ф╨╛╨╝╨░", "is_available": true, "created_at": "2026-02-12T21:11:50.605Z"}}, {"model": "arynchoice.activity", "pk": 71, "fields": {"category": 13, "name": "Hot Wheels. ╨Ь╨╡╨│╨░╤В╤А╨░╤Б╤Б╨░", "description": "тнР ╨а╨╡╨╣╤В╨╕╨╜╨│: 9.2\nЁЯУЕ ╨У╨╛╨┤: 2015\n\n╨Ф╤А╤Г╨╖╤М╤П-╨│╨╛╨╜╤Й╨╕╨║╨╕ ╤Б╤В╨░╨╗╨║╨╕╨▓╨░╤О╤В╤Б╤П ╤Б ╨▒╨╡╤Б╤И╨░╨▒╨░╤И╨╜╨╛╨╣ ╨┤╨╛╤А╨╛╨╢╨╜╨╛╨╣ ╨▒╨░╨╜╨┤╨╛╨╣. ╨Ю╤Б╤В╤А╨╛╤Б╤О╨╢╨╡╤В╨╜╤Л╨╣ ╨╝╤Г╨╗╤М╤В╤Д╨╕╨╗╤М╨╝ ╨╛ ╨┐╨╛╨╗╤М╨╖╨╡ ╨║╨╛╨╝╨░╨╜╨┤╨╜╨╛╨╣ ╤А╨░╨▒╨╛╤В╤Л", "price": 3, "image": "", "duration": "45 ╨╝╨╕╨╜", "location": "╨Ф╨╛╨╝╨░", "is_available": true, "created_at": "2026-02-12T21:11:50.611Z"}}, {"model": "arynchoice.activity", "pk": 72, "fields": {"category": 13, "name": "╨Ц╨╕╨╖╨╜╤М ╤З╨╡╨╗╨╛╨▓╨╡╨║╨░. ╨Я╨╛╤Б╨╗╨╡╨┤╨╜╨╡╨╡ ╨╕╨╜╤В╨╡╤А╨▓╤М╤О", "description": "тнР ╨а╨╡╨╣╤В╨╕╨╜╨│: 9.2\nЁЯУЕ ╨У╨╛╨┤: 2020\n\n╨Ъ╨░╨║ ╨┐╤А╨╕╨╜╤П╤В╤М ╨┤╨╕╨░╨│╨╜╨╛╨╖ ╨╕ ╨┐╤А╨╛╨┤╨╛╨╗╨╢╨╕╤В╤М ╨▒╨╛╤А╤М╨▒╤Г ╤Б ╤А╨░╨║╨╛╨╝. ╨Ф╨╛╨║╤Г╨╝╨╡╨╜╤В╨░╨╗╤М╨╜╨╛╨╡ ┬л╨╖╨░╨▓╨╡╤Й╨░╨╜╨╕╨╡┬╗ ╤Е╨╕╤А╤Г╤А╨│╨░-╨╛╨╜╨║╨╛╨╗╨╛╨│╨░ ╨Р╨╜╨┤╤А╨╡╤П ╨Я╨░╨▓╨╗╨╡╨╜╨║╨╛", "price": 3, "image": "", "duration": "88 ╨╝╨╕╨╜", "location": "╨Ф╨╛╨╝╨░", "is_available": true, "created_at": "2026-02-12T21:11:50.617Z"}}, {"model": "arynchoice.activity", "pk": 73, "fields": {"category": 13, "name": "╨Ъ╨╛╤Б╨╝╨╛╤Б", "description": "тнР ╨а╨╡╨╣╤В╨╕╨╜╨│: 9.2\nЁЯУЕ ╨У╨╛╨┤: 2019\n\n╨Э╨╕╨╗ ╨Ф╨╡╨│╤А╨░╤Б╤Б ╨в╨░╨╣╤Б╨╛╨╜ ╨╛╤В╨┐╤А╨░╨▓╨╗╤П╨╡╤В╤Б╤П ╨▓ ╨╝╤Л╤Б╨╗╨╡╨╜╨╜╨╛╨╡ ╨┐╤Г╤В╨╡╤И╨╡╤Б╤В╨▓╨╕╨╡ ╨║ ╨╖╨▓╨╡╨╖╨┤╨░╨╝. ╨Я╤А╨╛╨┤╨╛╨╗╨╢╨╡╨╜╨╕╨╡ ╨║╤Г╨╗╤М╤В╨╛╨▓╨╛╨│╨╛ ╤И╨╛╤Г ╨Ъ╨░╤А╨╗╨░ ╨б╨░╨│╨░╨╜╨░", "price": 3, "image": "", "duration": "? ╨╝╨╕╨╜", "location": "╨Ф╨╛╨╝╨░", "is_available": true, "created_at": "2026-02-12T21:11:50.622Z"}}, {"model": "arynchoice.activity", "pk": 74, "fields": {"category": 13, "name": "╨и╨░╤А╨░╨╜╤Г╤В╤Л╨╣ ╨║╨╛╤Б╨╝╨╛╤Б", "description": "тнР ╨а╨╡╨╣╤В╨╕╨╜╨│: 9.2\nЁЯУЕ ╨У╨╛╨┤: 2022\n\n╨Я╨╗╨░╨╜╨╡╤В╤Л ╨╕╤Й╤Г╤В ╨╗╤О╨▒╨╛╨▓╤М, ╨┐╨╗╨╡╤В╤Г╤В ╨╕╨╜╤В╤А╨╕╨│╨╕ ╨╕ ╤Б╨┐╨░╤Б╨░╤О╤В ╨Т╤Б╨╡╨╗╨╡╨╜╨╜╤Г╤О. ╨Т╨╡╤Б╨╡╨╗╤Л╨╣ ╨╝╤Г╨╗╤М╤В╤Б╨╡╤А╨╕╨░╨╗ ╨╛ ╤В╨░╨╣╨╜╨░╤Е ╨б╨╛╨╗╨╜╨╡╤З╨╜╨╛╨╣ ╤Б╨╕╤Б╤В╨╡╨╝╤Л", "price": 3, "image": "", "duration": "8 ╨╝╨╕╨╜", "location": "╨Ф╨╛╨╝╨░", "is_available": true, "created_at": "2026-02-12T21:11:50.628Z"}}, {"model": "arynchoice.activity", "pk": 75, "fields": {"category": 13, "name": "╨б╤З╨░╤Б╤В╨╗╨╕╨▓╤Л╨╡ ╨╗╤О╨┤╨╕", "description": "тнР ╨а╨╡╨╣╤В╨╕╨╜╨│: 9.2\nЁЯУЕ ╨У╨╛╨┤: 2008\n\n╨Ф╨╛╨║╤Г╨╝╨╡╨╜╤В╨░╨╗╤М╨╜╤Л╨╣ ╤Д╨╕╨╗╤М╨╝ ╨╛ ╤В╤А╤Г╨┤╨░╤Е ╨╕ ╨┤╨╜╤П╤Е ╨╛╤Е╨╛╤В╨╜╨╕╨║╨╛╨▓ ╨╕ ╨╕╤Е ╤Б╨╡╨╝╨╡╨╣ ╨╕╨╖ ╨┐╨╛╤Б╤С╨╗╨║╨░ ╨С╨░╤Е╤В╨░ ╨▓ ╤Б╤А╨╡╨┤╨╜╨╡╨╝ ╤В╨╡╤З╨╡╨╜╨╕╨╕ ╤А╨╡╨║╨╕ ╨Х╨╜╨╕╤Б╨╡╨╣ ╨▓ ╤В╨╡╤З╨╡╨╜╨╕╨╡ ╤Ж╨╡╨╗╨╛╨│╨╛ ╨│╨╛╨┤╨░.", "price": 3, "image": "", "duration": "55 ╨╝╨╕╨╜", "location": "╨Ф╨╛╨╝╨░", "is_available": true, "created_at": "2026-02-12T21:11:50.633Z"}}, {"model": "arynchoice.activity", "pk": 76, "fields": {"category": 13, "name": "╨ж╨▓╨╡╤В ╨╕╤Б╤В╨╛╤А╨╕╨╕", "description": "тнР ╨а╨╡╨╣╤В╨╕╨╜╨│: 9.2\nЁЯУЕ ╨У╨╛╨┤: 2023\n\n╨Ю╤В╤А╨╡╤Б╤В╨░╨▓╤А╨╕╤А╨╛╨▓╨░╨╜╨╜╤Л╨╡ ╨╕┬а╨║╨╛╨╗╨╛╤А╨╕╨╖╨╛╨▓╨░╨╜╨╜╤Л╨╡ ╤Г╨╜╨╕╨║╨░╨╗╤М╨╜╤Л╨╡ ╨║╨░╨┤╤А╤Л, ╤Б╨╜╤П╤В╤Л╨╡ ╨▓┬а╨┐╨╡╤А╨╕╨╛╨┤ 1941-1945 ╨│╨│.", "price": 3, "image": "", "duration": "60 ╨╝╨╕╨╜", "location": "╨Ф╨╛╨╝╨░", "is_available": true, "created_at": "2026-02-12T21:11:50.639Z"}}, {"model": "arynchoice.activity", "pk": 77, "fields": {"category": 14, "name": "╨Я╨╗╨░╨╜╨╡╤В╨░ ╨Ч╨╡╨╝╨╗╤П 2", "description": "тнР ╨а╨╡╨╣╤В╨╕╨╜╨│: 9.1\nЁЯУЕ ╨У╨╛╨┤: 2016\n\n╨Ф╤Н╨▓╨╕╨┤ ╨Р╤В╤В╨╡╨╜╨▒╨╛╤А╨╛ ╨┤╨╡╨╝╨╛╨╜╤Б╤В╤А╨╕╤А╤Г╨╡╤В ╨╜╨╡╨▓╨╡╤А╨╛╤П╤В╨╜╤Л╨╡ ╨┐╨╛ ╨║╤А╨░╤Б╨╛╤В╨╡ ╨┐╨╡╨╣╨╖╨░╨╢╨╕, ╨╖╨░╨┐╨╛╨▓╨╡╨┤╨╜╤Л╨╡ ╨╕ ╨╝╨░╨╗╨╛╨╕╨╖╤Г╤З╨╡╨╜╨╜╤Л╨╡ ╤Г╨│╨╛╨╗╨║╨╕ ╨Ч╨╡╨╝╨╗╨╕.", "price": 3, "image": "", "duration": "? ╨╝╨╕╨╜", "location": "╨Ф╨╛╨╝╨░", "is_available": true, "created_at": "2026-02-12T21:11:52.729Z"}}, {"model": "arynchoice.activity", "pk": 78, "fields": {"category": 14, "name": "╨д╨╡╤А╨╝╨░ ╨Ъ╨╗╨░╤А╨║╤Б╨╛╨╜╨░", "description": "тнР ╨а╨╡╨╣╤В╨╕╨╜╨│: 9.1\nЁЯУЕ ╨У╨╛╨┤: 2021\n\n╨Ф╨╢╨╡╤А╨╡╨╝╨╕ ╨Ъ╨╗╨░╤А╨║╤Б╨╛╨╜ ╨┐╤А╨╛╨▒╤Г╨╡╤В ╤Б╨╡╨▒╤П ╨▓┬а╤А╨╛╨╗╨╕ ╤Д╨╡╤А╨╝╨╡╤А╨░┬атАФ┬а╨╡╨╝╤Г ╨┐╤А╨╡╨┤╤Б╤В╨╛╨╕╤В ╤Б╤В╨╛╨╗╨║╨╜╤Г╤В╤М╤Б╤П ╤Б╨╛┬а╨▓╤Б╨╡╨╝╨╕ ╤В╤А╤Г╨┤╨╜╨╛╤Б╤В╤П╨╝╨╕ ╤Б╨╡╨╗╤М╤Б╨║╨╛╨│╨╛ ╤Е╨╛╨╖╤П╨╣╤Б╤В╨▓╨░.", "price": 3, "image": "", "duration": "45 ╨╝╨╕╨╜", "location": "╨Ф╨╛╨╝╨░", "is_available": true, "created_at": "2026-02-12T21:11:52.736Z"}}, {"model": "arynchoice.activity", "pk": 79, "fields": {"category": 14, "name": "BadComedian", "description": "тнР ╨а╨╡╨╣╤В╨╕╨╜╨│: 9.1\nЁЯУЕ ╨У╨╛╨┤: 2011\n\n╨о╨╝╨╛╤А╨╕╤Б╤В╨╕╤З╨╡╤Б╨║╨╛╨╡ ╤И╨╛╤Г, ╨▓╤Л╤Б╨╝╨╡╨╕╨▓╨░╤О╤Й╨╡╨╡ ╨┐╨╗╨╛╤Е╨╛╨╡ ╨║╨╕╨╜╨╛. ╨Ю╤В ╤А╨╛╤Б╤Б╨╕╨╣╤Б╨║╨╕╤Е ┬л╤И╨╡╨┤╨╡╨▓╤А╨╛╨▓┬╗, ╨┤╨╛ ╨░╨╝╨╡╤А╨╕╨║╨░╨╜╤Б╨║╨╛╨╣ ╨║╨╗╤О╨║╨▓╤Л. ╨Р ╤В╨░╨║╨╢╨╡ ╤Б╨╡╤А╤М╤С╨╖╨╜╤Л╨╡ ╨╛╨▒╨╖╨╛╤А╤Л ╨╕ ╨┐╨╡╤А╨╡╨▓╨╛╨┤╤Л.", "price": 3, "image": "", "duration": "? ╨╝╨╕╨╜", "location": "╨Ф╨╛╨╝╨░", "is_available": true, "created_at": "2026-02-12T21:11:52.743Z"}}, {"model": "arynchoice.activity", "pk": 80, "fields": {"category": 14, "name": "Optimus Gang", "description": "тнР ╨а╨╡╨╣╤В╨╕╨╜╨│: 9.1\nЁЯУЕ ╨У╨╛╨┤: 2013\n\n╨Э╨╡╤В ╨╛╨┐╨╕╤Б╨░╨╜╨╕╤П", "price": 3, "image": "", "duration": "5 ╨╝╨╕╨╜", "location": "╨Ф╨╛╨╝╨░", "is_available": true, "created_at": "2026-02-12T21:11:52.751Z"}}, {"model": "arynchoice.activity", "pk": 81, "fields": {"category": 14, "name": "╨С╨╛╨╖╤В╨╛╤А╨│╨░╨╣", "description": "тнР ╨а╨╡╨╣╤В╨╕╨╜╨│: 9.1\nЁЯУЕ ╨У╨╛╨┤: 2022\n\n╨Т╨╛╤Б╨┐╨╕╤В╨░╤В╨╡╨╗╤М╨╜╨╕╤Ж╨░ ╨┐╤А╨╕╤О╤В╨░ ╤Б╤В╨░╨╜╨╛╨▓╨╕╤В╤Б╤П ╨╝╨╜╨╛╨│╨╛╨┤╨╡╤В╨╜╨╛╨╣ ╨┐╤А╨╕╨╡╨╝╨╜╨╛╨╣ ╨╝╨░╤В╨╡╤А╤М╤О. ╨Ъ╨░╨╖╨░╤Е╤Б╤В╨░╨╜╤Б╨║╨░╤П ╨┤╤А╨░╨╝╨░ ╨╛ ╨╝╨╕╨╗╨╛╤Б╨╡╤А╨┤╨╕╨╕ ╨╕ ╨╗╤О╨▒╨▓╨╕", "price": 3, "image": "", "duration": "42 ╨╝╨╕╨╜", "location": "╨Ф╨╛╨╝╨░", "is_available": true, "created_at": "2026-02-12T21:11:52.760Z"}}, {"model": "arynchoice.activity", "pk": 82, "fields": {"category": 14, "name": "╨з╤Г╨┤╨╛╤В╨▓╨╛╤А╨╕╤Ж╨░", "description": "тнР ╨а╨╡╨╣╤В╨╕╨╜╨│: 9.1\nЁЯУЕ ╨У╨╛╨┤: 2015\n\n╨г╨╜╨╕╨║╨░╨╗╤М╨╜╤Л╨╡ ╤Б╨▓╨╕╨┤╨╡╤В╨╡╨╗╤М╤Б╤В╨▓╨░ ╤З╤Г╨┤╨╡╤Б╨╜╤Л╤Е ╨╕╤Б╤Ж╨╡╨╗╨╡╨╜╨╕╨╣. ╨Ф╨╛╨║╤Б╨╡╤А╨╕╨░╨╗ ╨╛ ╨┐╨╛╤З╨╕╤В╨░╨╡╨╝╨╛╨╣ ╤Б╨▓╤П╤В╨╛╨╣ ╨Ь╨░╤В╤А╨╛╨╜╨╡ ╨Ь╨╛╤Б╨║╨╛╨▓╤Б╨║╨╛╨╣ ╤Б ╤Г╤З╨░╤Б╤В╨╕╨╡╨╝ ╨╖╨▓╨╡╨╖╨┤", "price": 3, "image": "", "duration": "49 ╨╝╨╕╨╜", "location": "╨Ф╨╛╨╝╨░", "is_available": true, "created_at": "2026-02-12T21:11:52.769Z"}}, {"model": "arynchoice.activity", "pk": 83, "fields": {"category": 14, "name": "╨и╨╛╤Г ╨У╤А╤П╨╖╨╜╨╛╨│╨╛ ╨д╤А╤Н╨╜╨║╨░", "description": "тнР ╨а╨╡╨╣╤В╨╕╨╜╨│: 9.1\nЁЯУЕ ╨У╨╛╨┤: 2011\n\n╨и╨╛╤Г ╨┐╨╛╨▓╨╡╤Б╤В╨▓╤Г╨╡╤В ╨╛ ╨│╨╡╤А╨╛╨╕╤З╨╡╤Б╨║╨╛╨╣ ╨▒╨╛╤А╤М╨▒╨╡ ╤Б╤Н╤А╨░ ╨д╤А╤Н╨╜╤Б╨╕╤Б╨░ ╨У╤А╤П╨╖╨╜╨╛╨│╨╛ ╨╕ ╨╡╨│╨╛ ╨▓╨╡╤А╨╜╤Л╤Е ╨┤╤А╤Г╨╖╨╡╨╣ ╨┐╤А╨╛╤В╨╕╨▓ ╨╖╨╗╨╛╨▓╨╡╤Й╨╡╨│╨╛ ╤В╤С╨╝╨╜╨╛╨│╨╛ ╨▒╨╛╨│╨░ ╨▓ ╤Б╤О╤А╤А╨╡╨░╨╗╨╕╤Б╤В╨╕╤З╨╡╤Б╨║╨╛╨╣ ┬л╨╛╨╝╨╜╨╕╨▓╤Б╨╡╨╗╨╡╨╜╨╜╨╛╨╣┬╗.", "price": 3, "image": "", "duration": "12 ╨╝╨╕╨╜", "location": "╨Ф╨╛╨╝╨░", "is_available": true, "created_at": "2026-02-12T21:11:52.776Z"}}, {"model": "arynchoice.activity", "pk": 84, "fields": {"category": 14, "name": "╨У╨╛╨╗╤Г╨▒╨░╤П ╨┐╨╗╨░╨╜╨╡╤В╨░ 2", "description": "тнР ╨а╨╡╨╣╤В╨╕╨╜╨│: 9.1\nЁЯУЕ ╨У╨╛╨┤: 2017\n\n╨Э╨╡╤Б╨╝╨╛╤В╤А╤П ╨╜╨░ ╤В╨╛, ╤З╤В╨╛ ╨▓╨╛╨┤╨░ ╨╖╨░╨╜╨╕╨╝╨░╨╡╤В ╨┤╨▓╨╡ ╤В╤А╨╡╤В╨╕ ╨┐╨╗╨░╨╜╨╡╤В╤Л, ╨╛ ╨│╨╗╤Г╨▒╨╕╨╜╨░╤Е ╨╛╨║╨╡╨░╨╜╨░ ╨╝╤Л ╨╖╨╜╨░╨╡╨╝ ╨╝╨╡╨╜╤М╤И╨╡, ╤З╨╡╨╝ ╨╛ ╨┐╨╛╨▓╨╡╤А╤Е╨╜╨╛╤Б╤В╨╕ ╨Ы╤Г╨╜╤Л. ╨б╨╡╤А╨╕╨░╨╗ ╨╛╤В╨║╤А╤Л╨▓╨░╨╡╤В ╨▓╤Б╤О ╨║╤А╨░╤Б╨╛╤В╤Г ╨╕ ╨╛╤З╨░╤А╨╛╨▓╨░╨╜╨╕╨╡ ╨╛╨║╨╡╨░╨╜╨░, ╨┐╨╛╤А╨░╨╢╨░╤П ╨▓╨╛╨╛╨▒╤А╨░╨╢╨╡╨╜╨╕╨╡ ╨╝╨╜╨╛╨│╨╛╨╛╨▒╤А╨░╨╖╨╕╨╡╨╝ ╨╡╨│╨╛ ╨╛╨▒╨╕╤В╨░╤В╨╡╨╗╨╡╨╣. ╨Ш╤Б╨┐╨╛╨╗╤М╨╖╨╛╨▓╨░╨╜╨╕╨╡ ╨╜╨╛╨▓╨╡╨╣╤И╨╕╤Е ╤В╨╡╤Е╨╜╨╛╨╗╨╛╨│╨╕╨╣ ╨╕ ╤Г╨╜╨╕╨║╨░╨╗╤М╨╜╨╛╨│╨╛ ╨╛╨▒╨╛╤А╤Г╨┤╨╛╨▓╨░╨╜╨╕╤П ╨┤╨╗╤П ╨│╨╗╤Г╨▒╨╛╨║╨╛╨▓╨╛╨┤╨╜╤Л╤Е ╤Б╤К╤С╨╝╨╛╨║ ╤А╨░", "price": 3, "image": "", "duration": "? ╨╝╨╕╨╜", "location": "╨Ф╨╛╨╝╨░", "is_available": true, "created_at": "2026-02-12T21:11:52.784Z"}}, {"model": "arynchoice.activity", "pk": 85, "fields": {"category": 14, "name": "╨Э╨░╤И╨░ ╨┐╨╗╨░╨╜╨╡╤В╨░", "description": "тнР ╨а╨╡╨╣╤В╨╕╨╜╨│: 9.1\nЁЯУЕ ╨У╨╛╨┤: 2019\n\n╨Э╨╡╤В ╨╛╨┐╨╕╤Б╨░╨╜╨╕╤П", "price": 3, "image": "", "duration": "50 ╨╝╨╕╨╜", "location": "╨Ф╨╛╨╝╨░", "is_available": true, "created_at": "2026-02-12T21:11:52.790Z"}}, {"model": "arynchoice.activity", "pk": 86, "fields": {"category": 14, "name": "BTS Monuments: Beyond the Star", "description": "тнР ╨а╨╡╨╣╤В╨╕╨╜╨│: 9.1\nЁЯУЕ ╨У╨╛╨┤: 2023\n\n╨Ш╤Б╤В╨╛╤А╨╕╤П ╨║╨╡╨╣-╨┐╨╛╨┐-╨│╤А╤Г╨┐╨┐╤Л BTS┬а╨╜╨░ ╨┐╤А╨╛╤В╤П╨╢╨╡╨╜╨╕╨╕ 10┬а╨╗╨╡╤В.", "price": 3, "image": "", "duration": "32 ╨╝╨╕╨╜", "location": "╨Ф╨╛╨╝╨░", "is_available": true, "created_at": "2026-02-12T21:11:52.797Z"}}, {"model": "arynchoice.activity", "pk": 87, "fields": {"category": 14, "name": "╨Ъ╨╛╤Б╨╝╨╛╤Б: ╨Я╤А╨╛╤Б╤В╤А╨░╨╜╤Б╤В╨▓╨╛ ╨╕ ╨▓╤А╨╡╨╝╤П", "description": "тнР ╨а╨╡╨╣╤В╨╕╨╜╨│: 9.0\nЁЯУЕ ╨У╨╛╨┤: 2014\n\n╨а╨░╤Б╤Б╨║╨░╨╖ ╨╛┬а╨╜╨░╤Г╤З╨╜╤Л╤Е ╨╛╤В╨║╤А╤Л╤В╨╕╤П╤Е, ╤Б╨╛╨▓╨╡╤А╤И╤С╨╜╨╜╤Л╤Е ╨╖╨░┬а╨┐╨╛╤Б╨╗╨╡╨┤╨╜╨╕╨╡ ╤Б╤В╨╛╨╗╨╡╤В╨╕╤П.", "price": 3, "image": "", "duration": "44 ╨╝╨╕╨╜", "location": "╨Ф╨╛╨╝╨░", "is_available": true, "created_at": "2026-02-12T21:11:52.804Z"}}, {"model": "arynchoice.activity", "pk": 88, "fields": {"category": 15, "name": "╨Ь╨░╤А╨╕╨╜╨░╨┤: ╨в╨░╨╣╨╜╨░ ╨┐╨╕╤Б╤М╨╝╨░", "description": "тнР ╨а╨╡╨╣╤В╨╕╨╜╨│: 9.4\nЁЯУЕ ╨У╨╛╨┤: 2025\n\n╨Р╨╜╨┤╤А╨╡╨╣ ╨┤╨░╤А╨╕╤В ╨Ш╨╗╤М╨╡ ╨╖╨░╨┐╨╡╤З╨░╤В╨░╨╜╨╜╤Л╨╣ ╨║╨╛╨╜╨▓╨╡╤А╤В ╤Б┬а╨╜╨░╨┤╨┐╨╕╤Б╤М╤О ┬л╨Ю╤В╨║╤А╤Л╤В╤М ╤З╨╡╤А╨╡╨╖ ╨│╨╛╨┤┬╗. ╨Т╨╜╤Г╤В╤А╨╕┬атАФ┬а╨│╨╗╤Г╨┐╨░╤П ╤И╤Г╤В╨║╨░. ╨б╨┐╤Г╤Б╤В╤П ╨│╨╛╨┤, ╨▓╨╝╨╡╤Б╤В╨╛ ╤В╨╛╨│╨╛ ╤З╤В╨╛╨▒╤Л ╨┤╨░╤В╤М ╨┤╤А╤Г╨│╤Г ╨┐╤А╨╛╤З╨╕╤В╨░╤В╤М ╨╖╨░╨┐╨╕╤Б╨║╤Г, ╨Р╨╜╨┤╤А╨╡╨╣ ╨╖╨╛╨▓╤С╤В ╨╡╨│╨╛┬а╨▓ ╨║╨╕╨╜╨╛╤В╨╡╨░╤В╤А ╨╕┬а╨┐╨╛╨║╨░╨╖╤Л╨▓╨░╨╡╤В ╨┐╨╛╨┤╨┤╨╡╨╗╤М╨╜╤Л╨╣ ╨┤╨╛╨║╤Г╨╝╨╡╨╜╤В╨░╨╗╤М╨╜╤Л╨╣ ╤Д╨╕╨╗╤М╨╝ ╨╛┬а╤В╨╛╨╝, ╨║╨░╨║┬а╨╛╨╜ ╤П╨║╨╛╨▒╤Л ╨▓╤Б╤О┬а╨╢╨╕╨╖╨╜╤М ╨╜╨╛╤Б╨╕╨╗ ╤Н╤В╤Г┬а╤И╤Г╤В╨║╤Г ╤Б┬а╤Б╨╛╨▒╨╛╨╣. ╨Т╤Б╤С ╤Н╤В╨╛┬атАФ┬а╤З╤В╨╛╨▒╤Л ╨╛", "price": 3, "image": "", "duration": "? ╨╝╨╕╨╜", "location": "╨Ф╨╛╨╝╨░", "is_available": true, "created_at": "2026-02-12T21:11:54.815Z"}}, {"model": "arynchoice.activity", "pk": 89, "fields": {"category": 15, "name": "╨Ы╨╛╤А╨┤╤Л ╤А╨░╨╖╨┤╨╡╨▓╨░╨╗╨║╨╕", "description": "тнР ╨а╨╡╨╣╤В╨╕╨╜╨│: 9.3\nЁЯУЕ ╨У╨╛╨┤: 1999\n\n╨Э╨╡╤В ╨╛╨┐╨╕╤Б╨░╨╜╨╕╤П", "price": 3, "image": "", "duration": "105 ╨╝╨╕╨╜", "location": "╨Ф╨╛╨╝╨░", "is_available": true, "created_at": "2026-02-12T21:11:54.823Z"}}, {"model": "arynchoice.activity", "pk": 90, "fields": {"category": 15, "name": "╨Ф╤А╤Г╨╖╤М╤П", "description": "тнР ╨а╨╡╨╣╤В╨╕╨╜╨│: 9.2\nЁЯУЕ ╨У╨╛╨┤: 1994\n\n╨и╨╡╤Б╤В╨╡╤А╨╛ ╨┤╤А╤Г╨╖╨╡╨╣, ╨┤╨▓╨╡ ╨║╨▓╨░╤А╤В╨╕╤А╤Л ╨╕ ╨╝╨╜╨╛╨│╨╛ ╤О╨╝╨╛╤А╨░. ╨б╨╕╤В╨║╨╛╨╝, ╨║╨╛╤В╨╛╤А╤Л╨╣ ╨▓╨╛╤И╨╡╨╗ ╨▓ ╨║╤Г╨╗╤М╤В╤Г╤А╨╜╤Л╨╣ ╨║╨╛╨┤ ╨╜╨╡ ╨╛╨┤╨╜╨╛╨│╨╛ ╨┐╨╛╨║╨╛╨╗╨╡╨╜╨╕╤П", "price": 3, "image": "", "duration": "22 ╨╝╨╕╨╜", "location": "╨Ф╨╛╨╝╨░", "is_available": true, "created_at": "2026-02-12T21:11:54.845Z"}}, {"model": "arynchoice.activity", "pk": 91, "fields": {"category": 16, "name": "BTS: Spring Day", "description": "тнР ╨а╨╡╨╣╤В╨╕╨╜╨│: 9.0\nЁЯУЕ ╨У╨╛╨┤: 2017\n\n╨Э╨╡╤В ╨╛╨┐╨╕╤Б╨░╨╜╨╕╤П", "price": 3, "image": "", "duration": "5 ╨╝╨╕╨╜", "location": "╨Ф╨╛╨╝╨░", "is_available": true, "created_at": "2026-02-12T21:12:00.350Z"}}, {"model": "arynchoice.activity", "pk": 92, "fields": {"category": 16, "name": "╨б╨╡╨╝╨╜╨░╨┤╤Ж╨░╤В╤М ╨╝╨│╨╜╨╛╨▓╨╡╨╜╨╕╨╣ ╨▓╨╡╤Б╨╜╤Л", "description": "тнР ╨а╨╡╨╣╤В╨╕╨╜╨│: 9.0\nЁЯУЕ ╨У╨╛╨┤: 1973\n\n╨б╨╛╨▓╨╡╤В╤Б╨║╨╕╨╣ ╤А╨░╨╖╨▓╨╡╨┤╤З╨╕╨║ тАФ ╨▓ ╨▓╤Л╤Б╤И╨╕╤Е ╤Н╤И╨╡╨╗╨╛╨╜╨░╤Е ╤А╨╡╨╣╤Е╨░. ╨Т╨╡╨╗╨╕╨║╨░╤П ╤И╨┐╨╕╨╛╨╜╤Б╨║╨░╤П ╤Б╨░╨│╨░, ╤А╨░╨╖╨╛╨▒╤А╨░╨╜╨╜╨░╤П ╨╜╨░ ╨╝╨╡╨╝╤Л ╨╕ ╤Ж╨╕╤В╨░╤В╤Л", "price": 3, "image": "", "duration": "69 ╨╝╨╕╨╜", "location": "╨Ф╨╛╨╝╨░", "is_available": true, "created_at": "2026-02-12T21:12:00.363Z"}}, {"model": "arynchoice.activity", "pk": 93, "fields": {"category": 16, "name": "╨Ъ╨╛╤В ╨С╨░╤Б╨╕╨║", "description": "тнР ╨а╨╡╨╣╤В╨╕╨╜╨│: 9.0\nЁЯУЕ ╨У╨╛╨┤: 2022\n\n╨г╨┤╨╕╨▓╨╕╤В╨╡╨╗╤М╨╜╨╛ ╤Г╨╝╨╜╤Л╨╣ ╨║╨╛╤В ╨╛╤Е╨╛╤В╨╜╨╛ ╤Г╤З╨░╤Б╤В╨▓╤Г╨╡╤В ╨▓ ╨╖╨░╤В╨╡╤П╤Е ╤Б╨▓╨╛╨╡╨│╨╛ ╤Е╨╛╨╖╤П╨╕╨╜╨░. ╨Ь╤Г╨╗╤М╤В╤Б╨╡╤А╨╕╨░╨╗ ╨╛╤В ╨░╨▓╤В╨╛╤А╨╛╨▓ ┬л╨б╨║╨░╨╖╨╛╤З╨╜╨╛╨│╨╛ ╨┐╨░╤В╤А╤Г╨╗╤П┬╗", "price": 3, "image": "", "duration": "? ╨╝╨╕╨╜", "location": "╨Ф╨╛╨╝╨░", "is_available": true, "created_at": "2026-02-12T21:12:00.372Z"}}, {"model": "arynchoice.activity", "pk": 94, "fields": {"category": 16, "name": "Depeche Mode: Strange Too", "description": "тнР ╨а╨╡╨╣╤В╨╕╨╜╨│: 9.0\nЁЯУЕ ╨У╨╛╨┤: 1990\n\n╨з╨╡╤В╨▓╤С╤А╤В╤Л╨╣ ╨▓╨╕╨┤╨╡╨╛╤А╨╡╨╗╨╕╨╖ ╨▒╤А╨╕╤В╨░╨╜╤Б╨║╨╛╨╣ ╨│╤А╤Г╨┐╨┐╤Л Depeche Mode.", "price": 3, "image": "", "duration": "32 ╨╝╨╕╨╜", "location": "╨Ф╨╛╨╝╨░", "is_available": true, "created_at": "2026-02-12T21:12:00.382Z"}}, {"model": "arynchoice.activity", "pk": 95, "fields": {"category": 16, "name": "Hullabaloo: Live at Le Zenith, Paris", "description": "тнР ╨а╨╡╨╣╤В╨╕╨╜╨│: 9.0\nЁЯУЕ ╨У╨╛╨┤: 2002\n\n╨Ъ╨╛╨╜╤Ж╨╡╤А╤В╨╜╤Л╨╣ ╤Д╨╕╨╗╤М╨╝ Muse.", "price": 3, "image": "", "duration": "92 ╨╝╨╕╨╜", "location": "╨Ф╨╛╨╝╨░", "is_available": true, "created_at": "2026-02-12T21:12:00.390Z"}}, {"model": "arynchoice.activity", "pk": 96, "fields": {"category": 16, "name": "╨б╨╝╨╡╤И╨░╤А╨╕╨║╨╕. ╨Э╨╛╨▓╤Л╨╣ ╤Б╨╡╨╖╨╛╨╜", "description": "тнР ╨а╨╡╨╣╤В╨╕╨╜╨│: 9.0\nЁЯУЕ ╨У╨╛╨┤: 2020\n\n╨Ъ╨╛╨┐╨░╤В╤Л╤З ╨╝╨╡╤З╤В╨░╨╡╤В ╨╛ ╨Т╨░╨╗╤М╤Е╨░╨╗╨╗╨╡, ╨░ ╨б╨╛╨▓╤Г╨╜╤М╤П тАФ ╨╛ ╨▓╨╜╤Г╨║╨╡. ╨Я╤А╨╛╨┤╨╛╨╗╨╢╨╡╨╜╨╕╨╡ ╨╗╤О╨▒╨╕╨╝╨╛╨│╨╛ ╨╝╤Г╨╗╤М╤В╤Б╨╡╤А╨╕╨░╨╗╨░ ╤Б ╨╜╨╛╨▓╨╛╨╣ ╨┐╨╛╤А╤Ж╨╕╨╡╨╣ ╨╝╤Г╨┤╤А╨╛╤Б╤В╨╕", "price": 3, "image": "", "duration": "6 ╨╝╨╕╨╜", "location": "╨Ф╨╛╨╝╨░", "is_available": true, "created_at": "2026-02-12T21:12:00.396Z"}}, {"model": "arynchoice.activity", "pk": 97, "fields": {"category": 16, "name": "╨г╨▒╨╡╨╢╨╕╤Й╨╡. ╨Ш╤Б╤В╨╛╤А╨╕╨╕ ╨╛ ╨▓╤Л╨╢╨╕╨▓╨░╨╜╨╕╨╕ ╨▓ ╨Р╨╗╤М╨┐╨░╤Е", "description": "тнР ╨а╨╡╨╣╤В╨╕╨╜╨│: 9.0\nЁЯУЕ ╨У╨╛╨┤: 2019\n\n╨Т╨╛╨╗╤З╨╕╤Ж╨░ ╨╕╤Й╨╡╤В ╨▒╨╡╨╖╨╛╨┐╨░╤Б╨╜╨╛╨╡ ╨╝╨╡╤Б╤В╨╛ ╨┤╨╗╤П ╤Б╨▓╨╛╨╡╨│╨╛ ╨┐╨╛╤В╨╛╨╝╤Б╤В╨▓╨░. ╨Ч╤А╨╡╨╗╨╕╤Й╨╜╤Л╨╣ ╤Д╨╕╨╗╤М╨╝ ╨╛ ╤Б╤В╤А╨░╤В╨╡╨│╨╕╤П╤Е ╨▓╤Л╨╢╨╕╨▓╨░╨╜╨╕╤П ╨┤╨╕╨║╨╕╤Е ╨╢╨╕╨▓╨╛╤В╨╜╤Л╤Е", "price": 3, "image": "", "duration": "? ╨╝╨╕╨╜", "location": "╨Ф╨╛╨╝╨░", "is_available": true, "created_at": "2026-02-12T21:12:00.403Z"}}, {"model": "arynchoice.activity", "pk": 98, "fields": {"category": 16, "name": "╨Ф╤А╤Г╨╖╤М╤П: ╨Х╤Й╤С ╨╛╨┤╨╕╨╜ ╤Н╨┐╨╕╨╖╨╛╨┤ ╨┐╨╡╤А╨╡╨┤ ╨┐╨╛╤Б╨╗╨╡╨┤╨╜╨╕╨╝ тАУ ╨Ф╨╡╤Б╤П╤В╤М ╨╗╨╡╤В ╨Ф╤А╤Г╨╖╨╡╨╣", "description": "тнР ╨а╨╡╨╣╤В╨╕╨╜╨│: 9.0\nЁЯУЕ ╨У╨╛╨┤: 2004\n\n╨Э╨░╨▒╨╛╤А ╤А╨╛╨╗╨╕╨║╨╛╨▓ ╨╕╨╖ ╨┐╤А╨╛╤И╨╗╤Л╤Е ╤Н╨┐╨╕╨╖╨╛╨┤╨╛╨▓ ╨┐╨╡╤А╨╡╨┤ ╨╖╨░╨║╨╗╤О╤З╨╕╤В╨╡╨╗╤М╨╜╤Л╨╝ ╤Б╨╡╨╖╨╛╨╜╨╛╨╝.", "price": 3, "image": "", "duration": "22 ╨╝╨╕╨╜", "location": "╨Ф╨╛╨╝╨░", "is_available": true, "created_at": "2026-02-12T21:12:00.413Z"}}, {"model": "arynchoice.activity", "pk": 99, "fields": {"category": 16, "name": "LEGO ╨Э╨╕╨╜╨┤╨╖╤П╨│╨╛", "description": "тнР ╨а╨╡╨╣╤В╨╕╨╜╨│: 9.0\nЁЯУЕ ╨У╨╛╨┤: 2019\n\n╨Ч╨░╤Б╨║╤Г╤З╨░╨▓╤И╨╕╨╡ ╨╜╨╕╨╜╨┤╨╖╤П ╤Б╨╗╤Г╤З╨░╨╣╨╜╨╛ ╨▓╤Л╨┐╤Г╤Б╨║╨░╤О╤В ╨╕╨╖ ╨╖╨░╤В╨╛╤З╨╡╨╜╨╕╤П ╨╛╨┐╨░╤Б╨╜╤Г╤О ╨╖╨╗╨╛╨┤╨╡╨╣╨║╤Г. ╨Я╤А╨╛╨┤╨╛╨╗╨╢╨╡╨╜╨╕╨╡ ╤Б╨╡╤А╨╕╨░╨╗╨░ ╨┐╤А╨╛ ╨╝╨░╤Б╤В╨╡╤А╨╛╨▓ ╨Ъ╤А╤Г╨╢╨╕╤В╤Ж╤Г", "price": 3, "image": "", "duration": "11 ╨╝╨╕╨╜", "location": "╨Ф╨╛╨╝╨░", "is_available": true, "created_at": "2026-02-12T21:12:00.422Z"}}, {"model": "arynchoice.activity", "pk": 100, "fields": {"category": 16, "name": "╨Ъ╨░╨║ ╤П ╤Б╤В╨░╨╗ ╤А╨╡╨▒╨╡╨╜╨║╨╛╨╝", "description": "тнР ╨а╨╡╨╣╤В╨╕╨╜╨│: 9.0\nЁЯУЕ ╨У╨╛╨┤: 2023\n\n╨Ъ╨╛╨╜╤Б╤В╨░╨╜╤В╨╕╨╜ ╨е╨░╨▒╨╡╨╜╤Б╨║╨╕╨╣ ╤А╨░╤Б╤Б╨║╨░╨╖╤Л╨▓╨░╨╡╤В ╨╛ ╤Б╨▓╨╛╨╡╨╝ ╤Д╨╛╨╜╨┤╨╡ ╨┐╨╛ ╨▒╨╛╤А╤М╨▒╨╡ ╤Б ╨╛╨┐╤Г╤Е╨╛╨╗╤П╨╝╨╕ ╨╝╨╛╨╖╨│╨░. ╨Ф╨╛╨║╨┐╤А╨╛╨╡╨║╤В, ╨┐╨╛╨╗╨╜╤Л╨╣ ╨╛╨┐╤В╨╕╨╝╨╕╨╖╨╝╨░ ╨╕ ╨╜╨░╨┤╨╡╨╢╨┤╤Л", "price": 3, "image": "", "duration": "? ╨╝╨╕╨╜", "location": "╨Ф╨╛╨╝╨░", "is_available": true, "created_at": "2026-02-12T21:12:00.432Z"}}, {"model": "arynchoice.activity", "pk": 101, "fields": {"category": 16, "name": "Myl├иne Farmer: Stade de France", "description": "тнР ╨а╨╡╨╣╤В╨╕╨╜╨│: 9.0\nЁЯУЕ ╨У╨╛╨┤: 2009\n\n╨У╤А╨░╨╜╨┤╨╕╨╛╨╖╨╜╨╛╨╡ ╨┐╨╛ ╨╝╨░╤Б╤И╤В╨░╨▒╨╜╨╛╤Б╤В╨╕ ╨║╨╛╨╜╤Ж╨╡╤А╤В╨╜╨╛╨╡ ╨▓╤Л╤Б╤В╤Г╨┐╨╗╨╡╨╜╨╕╨╡ ╤Д╤А╨░╨╜╤Ж╤Г╨╖╤Б╨║╨╛╨╣ ╨┐╨╛╨┐ ╨┤╨╕╨▓╤Л ╨Ь╨╕╨╗╨╡╨╜ ╨д╨░╤А╨╝╨╡╤А ╨┐╤А╨╛╤И╨╡╨┤╤И╨╡╨╡ ╨▓ ╨Я╨░╤А╨╕╨╢╨╡ ╨╜╨░ ╤Б╤В╨░╨┤╨╕╨╛╨╜╨╡ Stade de France. ╨Ф╨▓╨░ ╨╖╨░╨▓╨╡╤А╤И╨░╤О╤Й╨╕╤Е ╤В╤Г╤А╨╜╨╡ ╨║╨╛╨╜╤Ж╨╡╤А╤В╨░ ╨╕ 160 ╤В╤Л╤Б╤П╤З ╤З╨╡╨╗╨╛╨▓╨╡╨║, ╨║╨╛╤В╨╛╤А╤Л╨╡ ╨┐╤А╨╕╤И╨╗╨╕ ╨┐╨╛╤Б╨╝╨╛╤В╤А╨╡╤В╤М ╨╜╨░ ╤И╨╛╤Г ╤Б ╨┐╨╛ ╨╜╨░╤Б╤В╨╛╤П╤Й╨╡╨╝╤Г ╨│╨╛╨╗╨╗╨╕╨▓╤Г╨┤╤Б╨║╨╕╨╝ ╤А╨░╨╖╨╝╨░╤Е╨╛╨╝ ╤Б╨┐╨╡╤Ж╤Н╤Д╤Д╨╡╨║╤В╨╛╨▓ ╨╕ ╤Б ╨┐╤А╨╕╤Б╤Г╤Й╨╡ ╤Д╤А╨░╨╜╤Ж╤Г╨╖╤Б╨║╨╛╨╝╤Г ╤В╨╡╨╝╨┐╨╡╤А", "price": 3, "image": "", "duration": "139 ╨╝╨╕╨╜", "location": "╨Ф╨╛╨╝╨░", "is_available": true, "created_at": "2026-02-12T21:12:00.459Z"}}, {"model": "arynchoice.activity", "pk": 102, "fields": {"category": 16, "name": "BBC: ╨Я╨╗╨░╨╜╨╡╤В╨░ ╨Ч╨╡╨╝╨╗╤П III", "description": "тнР ╨а╨╡╨╣╤В╨╕╨╜╨│: 9.0\nЁЯУЕ ╨У╨╛╨┤: 2023\n\n╨Э╨╛╨▓╤Л╨╡ ╨┐╨╡╨╣╨╖╨░╨╢╨╕, ╨╜╨╡╨▓╨╡╤А╨╛╤П╤В╨╜╤Л╨╡ ╨╛╤В╨║╤А╤Л╤В╨╕╤П ╨╝╨╛╨┤╨╡╨╗╨╡╨╣ ╨┐╨╛╨▓╨╡╨┤╨╡╨╜╨╕╤П ╨╢╨╕╨▓╨╛╤В╨╜╤Л╤Е ╨╕┬а╨▓╨╛╨╖╨╝╨╛╨╢╨╜╨╛╤Б╤В╤М ╨╜╨░╨▒╨╗╤О╨┤╨░╤В╤М ╨╖╨░┬а╨╜╨░╨┐╤А╤П╨╢╤С╨╜╨╜╨╛╨╣ ╨▒╨╛╤А╤М╨▒╨╛╨╣ ╤Г╨┤╨╕╨▓╨╕╤В╨╡╨╗╤М╨╜╤Л╤Е ╨╛╨▒╨╕╤В╨░╤В╨╡╨╗╨╡╨╣ ╨╜╨░╤И╨╡╨╣ ╨┐╨╗╨░╨╜╨╡╤В╤Л.", "price": 3, "image": "", "duration": "? ╨╝╨╕╨╜", "location": "╨Ф╨╛╨╝╨░", "is_available": true, "created_at": "2026-02-12T21:12:00.469Z"}}, {"model": "arynchoice.activity", "pk": 103, "fields": {"category": 16, "name": "9/11: ╨Ю╨┤╨╕╨╜ ╨┤╨╡╨╜╤М ╨╕╨╖ ╨╢╨╕╨╖╨╜╨╕ ╨Р╨╝╨╡╤А╨╕╨║╨╕", "description": "тнР ╨а╨╡╨╣╤В╨╕╨╜╨│: 9.0\nЁЯУЕ ╨У╨╛╨┤: 2021\n\n╨Ш╤Б╤В╨╛╤А╨╕╤П 11┬а╤Б╨╡╨╜╤В╤П╨▒╤А╤П ╨│╨╗╨░╨╖╨░╨╝╨╕ ╨╛╤З╨╡╨▓╨╕╨┤╤Ж╨╡╨▓, ╨│╨╡╤А╨╛╨╡╨▓ ╨╕┬а╨▓╤Л╨╢╨╕╨▓╤И╨╕╤Е.", "price": 3, "image": "", "duration": "? ╨╝╨╕╨╜", "location": "╨Ф╨╛╨╝╨░", "is_available": true, "created_at": "2026-02-12T21:12:00.476Z"}}, {"model": "arynchoice.activity", "pk": 104, "fields": {"category": 16, "name": "Critical Role", "description": "тнР ╨а╨╡╨╣╤В╨╕╨╜╨│: 9.0\nЁЯУЕ ╨У╨╛╨┤: 2015\n\n╨Э╨╡╤В ╨╛╨┐╨╕╤Б╨░╨╜╨╕╤П", "price": 3, "image": "", "duration": "180 ╨╝╨╕╨╜", "location": "╨Ф╨╛╨╝╨░", "is_available": true, "created_at": "2026-02-12T21:12:00.485Z"}}, {"model": "arynchoice.activity", "pk": 105, "fields": {"category": 16, "name": "╨С╤А╨░╤В╤М╤П ╨Ъ╤А╨░╤В╤В: ╨Ч╨╛╨▓ ╨┐╤А╨╕╤А╨╛╨┤╤Л", "description": "тнР ╨а╨╡╨╣╤В╨╕╨╜╨│: 9.0\nЁЯУЕ ╨У╨╛╨┤: 2011\n\n╨Ъ╤А╨╕╤Б ╨╕ ╨Ь╨░╤А╤В╨╕╨╜ ╨┐╨╛╨┤╨▒╨╕╤А╨░╤О╤В╤Б╤П ╨║ ╨╛╨┐╨░╤Б╨╜╤Л╨╝ ╨╢╨╕╨▓╨╛╤В╨╜╤Л╨╝ ╤Б ╨┐╨╛╨╝╨╛╤Й╤М╤О ╨│╨╡╨╜╨╕╨░╨╗╤М╨╜╤Л╤Е ╤В╨╡╤Е╨╜╨╛╨╗╨╛╨│╨╕╨╣. ╨Я╤А╨╕╨║╨╗╤О╤З╨╡╨╜╨╕╤П ╨┤╨╗╤П ╨╗╤О╨▒╨╛╨╖╨╜╨░╤В╨╡╨╗╤М╨╜╤Л╤Е", "price": 3, "image": "", "duration": "26 ╨╝╨╕╨╜", "location": "╨Ф╨╛╨╝╨░", "is_available": true, "created_at": "2026-02-12T21:12:00.494Z"}}, {"model": "arynchoice.activity", "pk": 106, "fields": {"category": 14, "name": "╨Я╨╛╨┤╤Б╤В╤А╨╛╤З╨╜╨╕╨║", "description": "тнР ╨а╨╡╨╣╤В╨╕╨╜╨│: 9.1\nЁЯУЕ ╨У╨╛╨┤: 2008\n\n╨д╨╕╨╗╤М╨╝ ┬л╨Я╨╛╨┤╤Б╤В╤А╨╛╤З╨╜╨╕╨║┬╗ - ╨║╨╕╨╜╨╛╨╝╨╛╨╜╨╛╨╗╨╛╨│ ╨Ы╨╕╨╗╨╕╨░╨╜╨╜╤Л ╨Ы╤Г╨╜╨│╨╕╨╜╨╛╨╣ ╨╛ ╨╢╨╕╨╖╨╜╨╕ ╨┤╤Г╤И╨╕ ╨╕ ╨╝╨╕╤А╨░ ╨▓╨╛╨║╤А╤Г╨│. ╨б ╨▒╨╡╤Б╨┐╨╛╤Й╨░╨┤╨╜╨╛╨╣ ╨╖╨╛╤А╨║╨╛╤Б╤В╤М╤О ╤А╨░╤Б╤Б╨╝╨░╤В╤А╨╕╨▓╨░╤П ╤Б╨╛╨▒╤Б╤В╨▓╨╡╨╜╨╜╨╛╨╡ ╤А╨░╨╖╨▓╨╕╤В╨╕╨╡ ╤Б ╨╝╨░╨╗╤Л╤Е ╨╗╨╡╤В ╨┤╨╛ ╨┐╨╛╤Б╨╗╨╡╨┤╨╜╨╕╤Е ╨┤╨╜╨╡╨╣, ╨╛╨╜╨░ ╨┤╨╡╨╗╨░╨╡╤В ╨▓╨╜╤Г╤В╤А╨╡╨╜╨╜╨╕╨╡ ╤Б╨╛╨▒╤Л╤В╨╕╤П ╨╜╨╡ ╨╝╨╡╨╜╨╡╨╡ ╤Г╨▓╨╗╨╡╨║╨░╤В╨╡╨╗╤М╨╜╤Л╨╝╨╕, ╤З╨╡╨╝ ╨▓╨╜╨╡╤И╨╜╨╕╨╡. ╨Х╨╡ ╤А╨░╤Б╤Б╨║╨░╨╖ - ╤Н╤В╨╛ ╤Г╨╜╨╕╨║╨░╨╗╤М╨╜╨╛╨╡ ╤Б╨╛╤З╨╡╤В╨░╨╜╨╕╨╡ ╨╕╤Б╨┐╨╛╨▓╨╡╨┤╨╕ ╨╕ ╨╝╨░╤Б╤И╤В╨░╨▒╨╜╨╛╤Б╤В╨╕, ", "price": 3, "image": "", "duration": "26 ╨╝╨╕╨╜", "location": "╨Ф╨╛╨╝╨░", "is_available": true, "created_at": "2026-02-12T21:14:01.953Z"}}, {"model": "arynchoice.activity", "pk": 107, "fields": {"category": 14, "name": "╨Т╨╡╨╗╨╕╨║╨░╤П ╨▓╨╛╨╣╨╜╨░", "description": "тнР ╨а╨╡╨╣╤В╨╕╨╜╨│: 9.0\nЁЯУЕ ╨У╨╛╨┤: 2010\n\n╨С╨╕╤В╨▓╨░ ╨╖╨░ ╨Ь╨╛╤Б╨║╨▓╤Г, ╨▒╨╗╨╛╨║╨░╨┤╨░ ╨Ы╨╡╨╜╨╕╨╜╨│╤А╨░╨┤╨░ ╨╕ ╨Ъ╤Г╤А╤Б╨║╨░╤П ╨┤╤Г╨│╨░. ╨Ь╨░╤Б╤И╤В╨░╨▒╨╜╤Л╨╣ ╤Б╨╡╤А╨╕╨░╨╗ ╤Б ╤А╨╡╨░╨╗╨╕╤Б╤В╨╕╤З╨╜╨╛╨╣ ╤А╨╡╨║╨╛╨╜╤Б╤В╤А╤Г╨║╤Ж╨╕╨╡╨╣ ╤Б╤А╨░╨╢╨╡╨╜╨╕╨╣", "price": 3, "image": "", "duration": "50 ╨╝╨╕╨╜", "location": "╨Ф╨╛╨╝╨░", "is_available": true, "created_at": "2026-02-12T21:14:01.967Z"}}, {"model": "arynchoice.activity", "pk": 108, "fields": {"category": 14, "name": "╨Ш╨│╤А╨░ ╨┐╤А╨╡╤Б╤В╨╛╨╗╨╛╨▓", "description": "тнР ╨а╨╡╨╣╤В╨╕╨╜╨│: 9.0\nЁЯУЕ ╨У╨╛╨┤: 2011\n\n╨а╤Л╤Ж╨░╤А╨╕, ╨╝╨╡╤А╤В╨▓╨╡╤Ж╤Л ╨╕ ╨┤╤А╨░╨║╨╛╨╜╤Л тАФ ╨▓ ╤Н╨┐╨╕╤З╨╡╤Б╨║╨╛╨╣ ╨▒╨╕╤В╨▓╨╡ ╨╖╨░ ╤Б╤Г╨┤╤М╨▒╤Л ╨╝╨╕╤А╨░. ╨б╨╡╤А╨╕╨░╨╗, ╨║╨╛╤В╨╛╤А╤Л╨╣ ╨╜╨░╨▓╤Б╨╡╨│╨┤╨░ ╨╕╨╖╨╝╨╡╨╜╨╕╨╗ ╤В╨╡╨╗╨╡╨▓╨╕╨┤╨╡╨╜╨╕╨╡", "price": 3, "image": "", "duration": "55 ╨╝╨╕╨╜", "location": "╨Ф╨╛╨╝╨░", "is_available": true, "created_at": "2026-02-12T21:14:01.975Z"}}, {"model": "arynchoice.activity", "pk": 109, "fields": {"category": 14, "name": "╨н╨║╤Б╨┐╨╡╤А╨╕╨╝╨╡╨╜╤В╤Л", "description": "тнР ╨а╨╡╨╣╤В╨╕╨╜╨│: 9.0\nЁЯУЕ ╨У╨╛╨┤: 2021\n\n╨Э╨╛╨▓╤Л╨╡ ╨╛╨┐╤Л╤В╤Л ╤Б╨╛ ╤Б╤В╨░╤А╤Л╨╝╨╕ ╨│╨░╨┤╨╢╨╡╤В╨░╨╝╨╕. ╨Т╨╡╨┤╤Г╤Й╨╕╨╡ ┬л╨У╨░╨╗╨╕╨╗╨╡╨╛┬╗ ╨Р╨╗╨╡╨║╤Б╨░╨╜╨┤╤А ╨Я╤Г╤И╨╜╨╛╨╣ ╨╕ ╨Ф╨░╨╜╤П ╨Ъ╤А╨░╤Б╤В╨╡╤А ╨│╨╛╨▓╨╛╤А╤П╤В ╨╛ ╤В╨╡╤Е╨╜╨╛╨╗╨╛╨│╨╕╤П╤Е", "price": 3, "image": "", "duration": "15 ╨╝╨╕╨╜", "location": "╨Ф╨╛╨╝╨░", "is_available": true, "created_at": "2026-02-12T21:14:01.983Z"}}, {"model": "arynchoice.activity", "pk": 110, "fields": {"category": 15, "name": "╨Ц╨╕╨╗-╨▒╤Л╨╗ ╨┐╤С╤Б", "description": "тнР ╨а╨╡╨╣╤В╨╕╨╜╨│: 9.2\nЁЯУЕ ╨У╨╛╨┤: 1982\n\n╨Т╨╛╨╗╨║ ╨┐╨╛╨╝╨╛╨│╨░╨╡╤В ╤Б╤В╨░╤А╨╛╨╝╤Г ╨┐╤Б╤Г ╨▓╨╡╤А╨╜╤Г╤В╤М╤Б╤П ╨║ ╨╗╤О╨┤╤П╨╝. ╨Ф╤Г╤И╨╡╨▓╨╜╤Л╨╣ ╨╝╤Г╨╗╤М╤В╤Д╨╕╨╗╤М╨╝, ╨┐╨╛╨┤╨░╤А╨╕╨▓╤И╨╕╨╣ ╨╜╨░╤А╨╛╨┤╤Г ╨║╤А╤Л╨╗╨░╤В╤Г╤О ╤Д╤А╨░╨╖╤Г ┬л╨й╨░╤Б ╤Б╨┐╨╛╤О┬╗", "price": 3, "image": "", "duration": "10 ╨╝╨╕╨╜", "location": "╨Ф╨╛╨╝╨░", "is_available": true, "created_at": "2026-02-12T21:14:04.293Z"}}, {"model": "arynchoice.activity", "pk": 111, "fields": {"category": 15, "name": "Depeche Mode: Devotional", "description": "тнР ╨а╨╡╨╣╤В╨╕╨╜╨│: 9.2\nЁЯУЕ ╨У╨╛╨┤: 1993\n\n╨Т╤Л╤Б╤В╤Г╨┐╨╗╨╡╨╜╨╕╨╡ Depeche Mode 1993-╨│╨╛ ╨│╨╛╨┤╨░.", "price": 3, "image": "", "duration": "93 ╨╝╨╕╨╜", "location": "╨Ф╨╛╨╝╨░", "is_available": true, "created_at": "2026-02-12T21:14:04.301Z"}}, {"model": "arynchoice.activity", "pk": 112, "fields": {"category": 16, "name": "Myl├иne Farmer: Mylenium Tour", "description": "тнР ╨а╨╡╨╣╤В╨╕╨╜╨│: 9.0\nЁЯУЕ ╨У╨╛╨┤: 2000\n\n╨Э╨╡╤В ╨╛╨┐╨╕╤Б╨░╨╜╨╕╤П", "price": 3, "image": "", "duration": "160 ╨╝╨╕╨╜", "location": "╨Ф╨╛╨╝╨░", "is_available": true, "created_at": "2026-02-12T21:14:09.762Z"}}, {"model": "arynchoice.activity", "pk": 113, "fields": {"category": 16, "name": "╨С╨╛╨╜╨┤ ╤Б ╤Е╨╛╤А╨╛╨╝", "description": "тнР ╨а╨╡╨╣╤В╨╕╨╜╨│: 9.0\nЁЯУЕ ╨У╨╛╨┤: 2025\n\n╨е╨╛╤А, ╤А╨░╨┤╨╛╤Б╤В╤М ╨┐╨╛╨╗╨╜╨╛╨│╨╛ ╨╖╨░╨╗╨░ ╨╕ ╨┤╨╛╨▒╤А╨░╤П ╨╜╨╛╤Б╤В╨░╨╗╤М╨│╨╕╤П. ╨С╨╛╨╗╤М╤И╨╛╨╣ ╨║╨╛╨╜╤Ж╨╡╤А╤В ╨╜╨╡╨╢╨╜╨╛╨╣ ╨╕╨╜╨┤╨╕-╨│╤А╤Г╨┐╨┐╤Л, ╨┐╨╛╨┤╨░╤А╨╕╨▓╤И╨╡╨╣ ╤Е╨╕╤В ┬л╨Ъ╤Г╤Е╨╜╨╕┬╗", "price": 3, "image": "", "duration": "47 ╨╝╨╕╨╜", "location": "╨Ф╨╛╨╝╨░", "is_available": true, "created_at": "2026-02-12T21:14:09.768Z"}}, {"model": "arynchoice.activity", "pk": 114, "fields": {"category": 16, "name": "╨Т╤А╨╡╨╝╤П ╨╜╨╡ ╤В╨╡╤А╨┐╨╕╤В", "description": "тнР ╨а╨╡╨╣╤В╨╕╨╜╨│: 9.0\nЁЯУЕ ╨У╨╛╨┤: 2016\n\n╨Ш╤Б╤В╨╛╤А╨╕╤П ╨░╨│╨╡╨╜╤В╨░ ╨в╤А╤Г╨╝╨░╨╜╨░ ╨С╨╗╤Н╨║╨░, ╤Б╨╡╨║╤А╨╡╤В╨╜╨╛╨│╨╛ ╤Б╨╛╤В╤А╤Г╨┤╨╜╨╕╨║╨░, ╨║╨╛╤В╨╛╤А╤Л╨╣ ╨┤╨╛╨╗╨╢╨╡╨╜ ╨╖╨░╤Й╨╕╤В╨╕╤В╤М ╨┐╤А╨░╨▓╨╕╤В╨╡╨╗╤М╤Б╤В╨▓╨╛ ╨╕ ╨║╨╛╤А╨┐╨╛╤А╨░╤В╨╕╨▓╨╜╤Л╨╡ ╨╕╨╜╤В╨╡╤А╨╡╤Б╤Л ╨▓ ╨╝╨╕╤Б╤Б╨╕╨╕, ╤Б╤В╨░╨▓╨║╨╕ ╨▓ ╨║╨╛╤В╨╛╤А╨╛╨╣ ╤З╤А╨╡╨╖╨▓╤Л╤З╨░╨╣╨╜╨╛ ╨▓╤Л╤Б╨╛╨║╨╕.", "price": 3, "image": "", "duration": "16 ╨╝╨╕╨╜", "location": "╨Ф╨╛╨╝╨░", "is_available": true, "created_at": "2026-02-12T21:14:09.774Z"}}, {"model": "arynchoice.activity", "pk": 115, "fields": {"category": 16, "name": "╨У╤А╨░╨▓╨╕╤В╨╕ ╨д╨╛╨╗╨╖", "description": "тнР ╨а╨╡╨╣╤В╨╕╨╜╨│: 9.0\nЁЯУЕ ╨У╨╛╨┤: 2012\n\n╨С╨╗╨╕╨╖╨╜╨╡╤Ж╤Л ╨┐╤А╨╛╨▓╨╛╨┤╤П╤В ╨║╨░╨╜╨╕╨║╤Г╨╗╤Л ╤Г ╤Б╤В╤А╨░╨╜╨╜╨╛╨│╨╛ ╨┐╤А╨░╨┤╤П╨┤╤О╤И╨║╨╕. ╨в╨░╨╣╨╜╤Л ╨╕ ╨░╨╜╨╛╨╝╨░╨╗╨╕╨╕ ╨▓ ╨╖╨░╤Е╨▓╨░╤В╤Л╨▓╨░╤О╤Й╨╡╨╝ ╨╝╤Г╨╗╤М╤В╤Б╨╡╤А╨╕╨░╨╗╨╡ ╨Р╨╗╨╡╨║╤Б╨░ ╨е╨╕╤А╤И╨░", "price": 3, "image": "", "duration": "22 ╨╝╨╕╨╜", "location": "╨Ф╨╛╨╝╨░", "is_available": true, "created_at": "2026-02-12T21:14:09.781Z"}}, {"model": "arynchoice.activity", "pk": 116, "fields": {"category": 16, "name": "╨Ч╨╡╨╝╨╗╤П: ╨Ю╨┤╨╕╨╜ ╨┐╨╛╤В╤А╤П╤Б╨░╤О╤Й╨╕╨╣ ╨┤╨╡╨╜╤М", "description": "тнР ╨а╨╡╨╣╤В╨╕╨╜╨│: 9.0\nЁЯУЕ ╨У╨╛╨┤: 2017\n\n┬л╨Ы╨╡╤В╨░╤О╤Й╨╕╨╡┬╗ ╤Б╨║╨░╤В╤Л, ╨▒╨╕╤В╨▓╨░ ╨╢╨╕╤А╨░╤Д╨╛╨▓ ╨╕ ╤В╨░╨╜╨╡╤Ж ╨┐╤Г╤Б╤В╤Л╨╜╨╕. ╨Ч╨░╨▓╨╛╤А╨░╨╢╨╕╨▓╨░╤О╤Й╨░╤П ╨║╤А╨░╤Б╨╛╤В╨░ ╨╜╨░╤И╨╡╨╣ ╨┐╨╗╨░╨╜╨╡╤В╤Л тАФ ╨▓ ╤Г╨┤╨╕╨▓╨╕╤В╨╡╨╗╤М╨╜╤Л╤Е ╨║╨░╨┤╤А╨░╤Е", "price": 3, "image": "", "duration": "95 ╨╝╨╕╨╜", "location": "╨Ф╨╛╨╝╨░", "is_available": true, "created_at": "2026-02-12T21:14:09.789Z"}}, {"model": "arynchoice.activity", "pk": 117, "fields": {"category": 4, "name": "╨┐╨╛╨┤╨╜╤П╤В╨╕╨╡ ╤Г╤А╨╛╨▓╨╜╤П ╨▓ ╨╛╨┤╨╕╨╜╨╛╤З╨║╤Г", "description": "╨╗╤Г╤З╤И╨╡╨╡ ╤З╤В╨╛ ╤П ╨▓╨╕╨┤╨╡╨╗", "price": 0, "image": "activities/╤Б╨╛╨╗╨╛.jfif", "duration": "12 ╤З╨░╤Б╨╛╨▓", "location": "╨┤╨╛╨╝", "is_available": true, "created_at": "2026-02-12T21:32:22.688Z"}}, {"model": "arynchoice.activity", "pk": 118, "fields": {"category": 4, "name": "╨в╨▓╨╛╨╡ ╨╕╨╝╤П", "description": "╨Я╨╗╨░╨║╨░╤В╤М", "price": 1, "image": "activities/╤В╨▓╨╛╨╡_╨╕╨╝╤П.jfif", "duration": "2 ╤З╨░╤Б╨░", "location": "╨┤╨╛╨╝", "is_available": true, "created_at": "2026-02-12T21:33:46.797Z"}}, {"model": "arynchoice.selection", "pk": 1, "fields": {"user": 2, "activity": 62, "selected_at": "2026-02-12T21:55:09.862Z", "notes": "", "is_confirmed": false}}, {"model": "arynchoice.selection", "pk": 2, "fields": {"user": 2, "activity": 1, "selected_at": "2026-02-12T21:55:46.804Z", "notes": "", "is_confirmed": false}}, {"model": "arynchoice.earnmethod", "pk": 1, "fields": {"name": "╨Ь╤Л╤В╤М╨╡ ╨┐╨╛╨╗╨╛╨▓", "description": "╨Я╨╛╨╝╤Л╤В╤М ╨┐╨╛╨╗", "reward": 23, "icon": "fas fa-coins", "instructions": "╨Я╨╛╨╝╨╛╨╣ ╨┐╨╛╨╗", "is_active": true, "created_at": "2026-02-12T21:58:24.112Z"}}, {"model": "arynchoice.earnrequest", "pk": 1, "fields": {"user": 1, "method": 1, "status": "approved", "proof_text": "╨░╨│", "admin_comment": "╨░╨│╨░", "coins_awarded": 12, "created_at": "2026-02-12T21:58:55.468Z", "updated_at": "2026-02-12T21:59:39.093Z", "processed_by": null}}]
